,sN,State,Long,Lat,Depth,sand_content,silt_content,clay_content,pH,carbon_organic,nitrogen_total,phosphorous_extractable,calcium_extractable,magnesium_extractable,potassium_extractable,Na,cation_exchange_capacity,zinc_extractable
1,1,Ogun,3.05451,7.052,1,789.2,35.8,175,6.6,0.63,0.11,26.42,13,4,0.13,0.04,17.47,7.57
2,2,Ogun,3.05381,7.04806,1,728.6,74,197.4,5.9,1.5,0.24,16.62,11.8,2.4,0.08,0.02,14.4,6.07
3,3,Ogun,3.05101,7.0505,1,748.6,56.4,195,5.75,1.42,0.05,11.16,10.6,0.4,0.05,0.03,11.48,6.51
4,4,Ogun,3.0495,7.05489,1,789.2,25.8,185,5.8,1.04,0.09,21.83,12.8,0.8,0.05,0.04,13.89,6.21
5,5,Ogun,3.04887,7.04875,1,788.6,26.4,185,6.25,1.5,0.11,12.4,10,3.8,0.05,0.04,13.99,9.95
6,6,Ogun,3.04801,7.05049,1,818.6,0.6,180.8,6.5,0.96,0.1,12.65,11,2.6,0.1,0.02,13.92,4.99
7,7,Ogun,3.04738,7.05463,1,798.6,13.4,188,6.3,1.34,0.19,13.27,14.8,2.6,0.08,0.02,17.6,15.62
8,8,Ogun,3.04543,7.05182,1,798.6,36.4,165,6.1,2.01,0.22,25.55,10,7.6,0.26,0.02,17.98,7.56
9,9,Ogun,3.04469,7.05453,1,799.2,15.8,185,6.2,1.3,0.11,23.32,12.8,4.8,0.13,0.11,18.03,6.34
10,10,Ogun,3.04352,7.04922,1,799.2,17,183.8,6.45,0.13,0.08,14.14,11.4,2.6,0.31,0.09,14.59,5.95
11,11,Ogun,3.04317,7.05131,1,818.6,7,174.4,6.6,1.96,0.19,16.99,15.4,2.4,0.15,0.04,18.1,5.66
12,12,Ogun,3.042,7.05647,1,788.6,1.6,209.8,6.4,0.25,0.08,14.76,10.4,1,0.05,0.06,11.62,4.78
13,13,Ogun,3.04131,7.05,1,809.2,15.8,175,6.2,2.05,0.05,17.61,14.8,3.8,0.03,0.04,18.87,7.42
14,14,Ogun,3.03901,7.05349,1,799.2,14.6,186.2,6.05,0.88,0.1,15.13,11.4,2.8,0.03,0.04,14.67,7.44
15,15,Ogun,3.03831,7.05459,1,798.6,7.6,193.8,6.5,0.63,0.12,15.75,9.8,3,0.05,0.06,13.12,5.04
16,16,Ogun,3.0375,7.055,1,806.8,13.4,179.8,6.55,2.38,0.25,19.35,15,3.4,0.05,0.02,18.67,6.77
17,17,Ogun,3.036,7.05199,1,799.2,17,183.8,6,0.79,0.12,13.77,11.4,4.2,0.13,0.19,16.02,5.81
18,18,Ogun,3.036,7.05647,1,749.2,57,193.8,6.75,0.17,0.11,16.13,16.4,4.8,0.26,0.17,21.83,7.82
19,19,Ogun,3.38126,6.746973,1,107.2,352.2,540.6,5.33,1.45,0.11,15.56,0.61,0.2,0.05,0.06,3.12,0.04
20,20,Ogun,3.382802,6.747253,1,121.8,335.8,542.4,5.73,2.99,0.1,13.4,0.64,0.2,0.03,0.06,2.43,0.08
21,21,Ogun,3.386096,6.746419,1,60,218.8,721.2,5.2,3.7,0.21,10.8,0.65,0.21,0.05,0.05,1.27,0.14
22,22,Ogun,3.387618,6.746716,1,147.2,365.6,487.2,5.89,1.14,0.02,3.89,0.81,0.21,0.08,0.05,1.45,0.23
23,23,Ogun,3.384601,6.746142,1,181.2,342.6,476.2,5.93,2.08,0.11,9.94,0.67,0.21,0.03,0.04,1.55,0.15
24,24,Ogun,3.380305,6.74526,1,221.8,297.6,480.6,5.16,2.08,0.14,8.21,0.5,0.18,0.01,0.03,1.12,0.29
25,25,Ogun,3.381567,6.745572,1,140.6,338.2,521.2,5.59,2.16,0.08,17.29,0.41,0.17,0.04,0.06,3.37,0.06
26,26,Ogun,3.383117,6.745865,1,121.8,337,541.2,5.12,2.36,0.16,16.42,0.6,0.19,0.06,0.04,2.09,0.04
27,27,Ogun,3.386459,6.74507,1,281.2,388.6,330.2,5.08,1.85,0.12,31.11,0.42,0.17,0.03,0.05,2.27,0.29
28,28,Ogun,3.388045,6.745414,1,286.6,431.6,281.8,5.29,3.58,0.21,12.1,0.55,0.19,0.03,0.05,1.72,0.2
29,29,Ogun,3.384929,6.744752,1,301.2,366.8,332,5.43,3.07,0.2,6.48,0.75,0.19,0.02,0.04,1.3,0.09
30,30,Ogun,3.380463,6.743675,1,121.2,416.4,462.4,5.07,3.22,0.2,10.37,0.64,0.2,0.04,0.05,2.12,0.13
31,31,Ogun,3.38189,6.744113,1,404.8,262.6,332.6,5.46,1.81,0.12,1.3,0.6,0.19,0.01,0.05,1.85,0.19
32,32,Ogun,3.383442,6.744441,1,166.6,232.2,601.2,5.29,1.65,0.1,7.35,0.63,0.19,0.02,0.05,2.7,0.24
33,33,Ogun,3.386651,6.742351,1,463,214.6,322.4,6.07,1.14,1.27,4.75,0.92,0.2,0.16,0.06,1.55,0.103
34,34,Ogun,3.3867,6.743712,1,163.6,349.8,486.6,5.03,2.52,0.2,11.24,0.48,0.17,0.02,0.04,2.41,0.418
35,35,Ogun,3.385279,6.743277,1,124.8,286.2,589,5.22,4.4,0.18,6.91,0.48,0.21,0.11,0.06,1.26,0.181
36,36,Ogun,3.380671,6.742214,1,426.6,251.6,321.8,4.88,7.04,0.25,19.01,0.5,0.15,0.02,0.05,3.03,0.252
37,37,Ogun,3.382232,6.742584,1,361.2,329.8,309,5.81,3.46,0.2,9.51,0.65,0.17,0.02,0.04,1.69,0.215
38,38,Osun,4.235944444,7.609527778,1,718,64,218,5.2,0.5,0.03,0.01,2,1.2,0.1,0.13,3.63,NA
39,39,Osun,4.226916667,7.60425,1,778,74,148,5.45,0.96,0.06,0,4.8,2.8,0.2,0.09,7.99,NA
40,40,Osun,4.226916667,7.604555556,1,738,104,158,5.5,0.89,0.06,0,5.6,3.6,0.28,0.13,9.71,NA
41,41,Osun,4.228194444,7.602111111,1,768,94,138,5.55,0.71,0.04,0.001,4.4,2,0.18,0.04,6.82,NA
42,42,Osun,4.233833333,7.605083333,1,788,64,148,5.35,0.85,0.05,0.052,2.8,3.2,0.18,0.04,6.42,NA
43,43,Osun,4.235083333,7.606527778,1,728,94,178,5.5,0.53,0.03,0.01,2.4,2.4,0.15,0.04,5.09,NA
44,44,Lagos,3.797933333,6.676833333,1,793.4,46.8,159.8,5.2,0.24,0.06,7.17,2,1.2,0.2,0.87,5.07,3.5
45,45,Lagos,3.79695,6.676016667,1,747.8,53,199.2,4.7,0.06,0.05,9.03,1.8,0.4,0.26,0.87,4.23,2.2
46,46,Lagos,3.7948,6.675433333,1,760.8,28.8,210.4,4.6,0.14,0.09,8.11,0.8,1,0.31,1.3,4.61,2.7
47,47,Lagos,3.796266667,6.674166667,1,761.4,48.8,189.8,4.6,0.2,0.07,7.97,1.4,1,0.2,0.87,4.37,4.7
48,48,Lagos,3.79905,6.67615,1,784,80,136,4.8,0.19,0.06,8.61,0.8,1,0.15,0.87,3.32,2.2
49,49,Lagos,3.798116667,6.6806,1,882.8,16.2,101,4.9,0.1,0.05,11.78,0.6,5,0.2,0.87,7.17,1.9
50,50,Lagos,3.796883333,6.680933333,1,774.6,84.4,141,4.3,0.13,0.08,14.28,0.8,1.6,0.2,1.3,4.61,4.2
51,51,Lagos,3.797916667,6.6767,1,807.8,42.4,149.8,5.1,0.16,0.09,6.53,3,1.8,0.41,1.74,7.05,3.3
52,52,Lagos,3.804783333,6.658033333,1,827.8,53,119.2,4.6,0.06,0.06,11.08,0.2,0.6,0.36,1.74,3.5,2.8
53,53,Lagos,3.80625,6.660383333,1,782.2,43,174.8,4.7,0.1,0.05,9.08,1.2,1,0.2,0.87,3.97,3.1
54,54,Lagos,3.806266667,6.6604,1,786.6,79.8,133.6,4.2,0.24,0.1,13.67,1.4,0.4,0.15,0.43,3.29,3.1
55,55,Lagos,3.805833333,6.663716667,1,857.2,7.4,135.4,4.3,0.2,0.04,7.86,1,0.4,0.15,0.43,2.89,2.7
56,56,Lagos,3.8023,6.671033333,1,824,46.2,129.8,5,0.08,0.05,10.08,1.2,0.6,0.31,1.74,4.65,3
57,57,Lagos,3.795316667,6.6649,1,764,121.8,114.2,4.3,0.2,0.08,17.25,1,0.8,0.2,0.43,2.94,4.1
58,58,Lagos,3.80475,6.40475,1,844,51.2,104.8,4.3,0.16,0.1,7.72,1.2,0.4,0.15,0.43,3.09,3.5
59,59,Lagos,4.21705,6.4018,1,922.2,3.6,74.2,5.4,0.09,0.05,7.14,1,0.4,0.2,0.43,2.34,2.3
60,60,Lagos,4.21965,6.4008,1,922.2,4.2,73.6,5.3,0.12,0.05,10.61,0.8,1,0.15,0.43,2.69,2.5
61,61,Lagos,4.220633333,6.40165,1,923.4,1.8,74.8,5.1,0.11,0.03,7.2,0.6,1.4,0.2,0.87,3.57,2.5
62,62,Lagos,4.217183333,6.4002,1,921.6,4.2,74.2,4.9,0.25,0.15,9.78,1.8,0.8,0.31,1.74,4.95,2.8
63,63,Lagos,4.217216667,6.399183333,1,922.8,1.2,76,5.8,0.29,0.1,14.47,1.6,0.4,0.2,1.3,3.81,3.1
64,64,Lagos,4.218266667,6.399466667,1,924,1.2,74.8,6.3,0.07,0.05,9.97,1.4,1.8,0.2,0.87,4.47,2.1
65,65,Lagos,4.210316667,6.40665,1,912.2,8.6,79.2,5.2,0.13,0.07,8,1.2,1,0.2,0.87,3.57,2.1
66,66,Lagos,4.2171,6.401933333,1,924,1.2,74.8,5.1,0.13,0.07,8.36,0.4,1.6,0.2,0.43,3.24,3.2
67,67,Osun,4.65531,7.51441,1,690,114,196,4.4,1.48,0.13,2.25,0.63,0.55,0.1,0.25,2.23,0.31
68,68,Osun,4.66802,7.5665,1,710,94,196,5.05,1.7,0.14,1.28,5.08,0.69,0.17,0.22,6.26,0.42
69,69,Osun,4.68118,7.58752,1,750,94,156,5.95,1.59,0.13,6.28,10.41,0.69,0.3,0.25,11.75,0.89
70,70,Osun,4.65785,7.58936,1,750,94,156,6.25,0.79,0.08,1.38,3.08,0.71,0.17,0.24,4.31,0.69
71,71,Osun,4.63,7.61232,1,730,94,176,5.5,0.89,0.09,1.28,5.05,0.75,0.31,0.22,6.42,0.34
72,72,Osun,4.61894,7.63757,1,750,74,176,5.6,1.26,0.11,1.28,3.41,0.7,0.16,0.25,4.61,0.79
73,73,Osun,4.61872,7.63808,1,750,114,136,5.75,1.41,0.12,1.28,3.86,0.43,0.22,0.29,4.9,0.54
74,74,Osun,4.62166,7.66914,1,690,74,236,5.65,0.15,0.04,1.28,4.61,0.71,0.17,0.52,6.1,0.22
75,75,Osun,4.64591,7.67043,1,724,88,188,6.25,1.48,0.13,2.37,6.1,0.69,0.15,0.24,7.28,0.84
76,76,Osun,4.64591,7.67743,1,630,134,236,4.85,1.44,0.12,1.28,6.99,0.75,0.14,0.3,8.28,1.74
77,77,Osun,4.63076,7.51965,1,700,84,216,5.95,1.26,0.11,1.4,6.94,0.73,0.2,0.89,8.86,0.54
78,78,Osun,4.63002,7.51893,1,744,88,168,6.75,2.04,0.16,4.08,14.52,0.74,0.11,0.27,15.75,1.47
79,79,Osun,4.62782,7.59764,1,810,74,116,6.9,1.55,0.13,4.68,20.09,0.66,0.18,0.23,21.25,1.37
80,80,Osun,4.65993,7.57043,1,750,114,136,5.45,1.88,0.15,1.28,3.86,0.68,0.19,0.24,5.17,0.46
81,81,Ondo,5.540806,7.002642,1,886,50,64,6.63,2.71,0.21,31.42,1.63,1.02,0.32,0.32,3.35,0.38
82,82,Ondo,5.540806,7.002642,2,726,140,134,6.04,0.64,0.05,13.22,3.12,1.77,0.34,0.25,5.55,0.49
83,83,Ondo,5.570354,6.995318,1,878,74,48,6.835,1.87,0.14,13.43,2.84,1.73,0.69,0.6,5.92,0.73
84,84,Ondo,5.570354,6.995318,2,818,74,108,6.72,0.8,0.06,14.81,3.73,2.12,0.65,0.35,6.93,0.55
85,85,Ondo,5.601165,6.988752,1,778,154,68,5.99,1.76,0.11,12.2,1.97,0.92,0.53,0.39,3.92,2.22
86,86,Ondo,5.601165,6.988752,2,838,94,68,6.04,0.68,0.05,5.89,1.19,0.63,0.27,0.42,2.59,0.815
87,87,Ondo,5.529189,6.97865,1,892,54,54,7.71,4.68,0.19,19.07,8.58,3.94,0.63,0.53,13.73,1.98
88,88,Ondo,5.529189,6.97865,2,832,94,74,6.57,0.65,0.04,6.3,1.97,0.82,0.27,0.25,3.39,0.89
89,89,Ondo,5.56101,6.972589,1,898,54,48,7.3,1.93,0.14,11.53,5.24,2.38,0.63,0.49,8.78,1.145
90,90,Ondo,5.56101,6.972589,2,838,114,48,6.49,0.96,0.12,8.56,2.57,1.09,0.55,0.42,4.69,0.92
91,91,Ondo,5.593336,6.965265,1,858,94,48,6.59,2.5,0.16,9.94,5.6,3.15,1.07,0.6,10.49,0.93
92,92,Ondo,5.593336,6.965265,2,678,154,168,6.97,0.52,0.08,7.84,1.67,0.81,0.38,0.42,3.34,0.515
93,93,Ondo,5.528432,6.952133,1,878,74,48,6.23,2.22,0.14,17.43,7.73,4.11,0.88,0.7,13.49,1.725
94,94,Ondo,5.528432,6.952133,2,852,74,74,6.12,0.49,0.05,8.41,2.99,1.69,0.34,0.32,5.4,0.47
95,95,Ondo,5.547878,6.942789,1,932,14,54,7.5,2.34,0.17,32.29,6.86,3.18,0.55,0.74,11.38,0.68
96,96,Ondo,5.547878,6.942789,2,712,124,164,6.56,0.37,0.02,9.64,1.68,1.04,0.6,0.46,3.85,1.17
97,97,Ondo,5.568839,6.937233,1,918,34,48,6.7,2.21,0.15,38.44,5.05,3.21,0.88,0.42,9.63,0.81
98,98,Ondo,5.568839,6.937233,2,758,154,88,5.06,0.63,0.04,7.53,2.06,0.94,0.71,0.42,4.24,1.19
99,99,Ondo,5.589548,6.931172,1,898,54,48,7.095,1.82,0.21,17.37,9.24,5.08,0.74,0.46,15.64,0.44
100,100,Ondo,5.589548,6.931172,2,918,34,48,7,0.42,0.05,13.74,3.41,1.68,0.44,0.28,5.86,0.84
101,101,Ondo,4.83971,6.72683,1,858,94,48,5.55,1.65,0.08,2.57,3.83,0.55,0.28,0.23,4.98,20.06
102,102,Ondo,4.83971,6.72683,2,772,94,134,4.8,0.48,0.02,3.08,2.88,0.56,0.2,0.2,3.95,5.56
103,113,Ondo,4.76275,6.71128,1,878,74,48,5.6,2.52,0.13,9.18,4.46,0.63,0.11,0.26,5.56,26.57
104,114,Ondo,4.76275,6.71128,2,872,74,54,4.65,1.21,0.09,2.78,2.06,0.41,0.09,0.26,2.91,8.2
105,115,Ondo,4.77781,6.67563,1,912,34,54,5.2,1.66,0.1,2.07,2.63,0.52,0.15,0.15,3.53,13.18
106,116,Ondo,4.77781,6.67563,2,672,234,94,4.5,0.98,0.11,4.09,1.78,0.43,0.1,0.12,2.55,3.96
107,119,Ondo,4.74366,6.671454,1,912,34,54,5.4,1.52,0.11,19.37,3.89,0.76,0.05,0.12,4.9,8.03
108,120,Ondo,4.74366,6.671454,2,712,134,154,4.55,0.6,0.08,1.41,2.08,0.58,0.05,0.15,2.96,5.63
109,121,Lagos,3.804444444,6.676666667,1,857.5,46.4,96.08,3.84,1.29,0.09,5.39,1.8,0.61,0.17,0.23,8.2,1.02
110,122,Lagos,3.805833333,6.676666667,1,776.8,107.1,116.1,3.89,0.51,0.07,3.74,1.1,0.42,0.07,0.18,5.51,0.96
111,123,Lagos,3.805277778,6.676666667,1,797.5,76.4,126.1,3.31,0.35,0.05,9.61,1.15,0.41,0.12,0.22,11.51,0.81
112,124,Lagos,3.805555556,6.676666667,1,856.1,57.12,86.8,3.88,0.38,0.06,10.95,1.05,0.48,0.14,0.22,12.84,1.08
113,125,Lagos,3.804722222,6.676666667,1,856.8,56.4,86.8,4.79,0.89,0.11,13.08,2.35,0.59,0.2,0.23,16.45,0.76
114,126,Oyo,3.6678,7.5662,1,938,34,28,6.11,1.43,0.12,9.19,5.21,4.41,0.6,0.92,11.23,44.26
115,127,Oyo,3.6657,7.5657,1,932,40,28,6.23,0.91,0.11,5.68,2.82,3.65,0.28,0.32,7.17,29.36
116,128,Oyo,3.6663,7.5652,1,928,34,38,5.94,0.51,0.07,2.69,1.99,2.19,0.34,0.24,4.87,17.57
117,129,Oyo,3.6678,7.5652,1,902,46,52,6.31,0.84,0.06,7.42,4.27,2.91,0.34,0.28,7.88,31.3
118,130,Oyo,3.6647,7.5647,1,898,46,56,5.66,0.94,0.08,6.98,3.68,2.33,0.24,0.2,6.56,27.82
119,131,Oyo,3.6657,7.5642,1,912,26,62,6.38,0.69,0.08,7.99,2.19,2.12,0.32,0.16,4.87,19.84
120,132,Oyo,3.6668,7.5642,1,928,26,46,6.48,0.75,0.05,12.23,5.48,3.18,0.34,0.16,9.24,33.11
121,133,Oyo,3.6673,7.5605,1,898,66,36,7.28,0.8,0.06,24.6,11.21,3.21,0.78,0.32,15.58,59.71
122,134,Oyo,3.6678,7.5594,1,932,32,36,5.99,0.51,0.07,9,2.71,1.38,0.22,0.08,4.49,21.4
123,135,Ondo,5.03975,7.17249,1,750,94,156,5.85,1.37,0.12,1.38,6.8,0.69,0.11,0.23,7.93,0.22
124,136,Ondo,5.04061,7.17066,1,790,94,116,5.85,1.27,0.11,1.73,7.17,0.76,0.11,0.24,8.48,0.43
125,137,Ondo,5.04061,7.17066,2,664,48,288,5.5,0.85,0.08,1.28,3.99,0.72,0.12,0.27,5.21,0.09
126,138,Ondo,5.10178,7.13348,1,700,104,196,5.6,0.8,0.08,1.28,7.41,0.73,0.14,0.21,8.6,0.43
127,139,Ondo,5.10178,7.13348,2,684,48,268,5.75,0.56,0.06,1.53,4.67,0.69,0.12,0.24,5.82,0.17
128,140,Ondo,5.18763,7.09644,1,790,74,136,5.35,0.29,0.05,1.59,3.14,0.59,0.14,0.3,4.26,0.19
129,141,Ondo,5.18763,7.09644,2,710,54,236,5.75,1.3,0.11,1.45,2.94,0.56,0.14,0.26,4,0.08
130,142,Ondo,5.10169,7.13346,1,684,108,208,5.3,1.55,0.13,1.28,4.95,0.68,0.15,0.28,6.16,0.12
131,143,Ondo,5.07403,7.15801,1,784,68,148,5.1,1.37,0.12,1.84,6.4,0.7,0.47,0.37,8.04,0.17
132,144,Ondo,5.07403,7.15801,2,664,108,228,5.25,1.3,0.11,4.58,3.18,0.67,0.12,0.54,4.72,0.04
133,145,Ondo,5.18763,7.09644,1,704,108,188,6.2,2.34,0.18,2.21,11.94,0.78,0.35,0.23,13.4,0.36
134,146,Ondo,5.18763,7.09644,2,650,174,176,5.5,1.67,0.14,2.68,9.96,0.73,0.26,0.24,11.29,0.68
135,147,Ondo,5.18985,7.09727,1,530,134,336,5.6,2.09,0.17,1.28,10.12,0.75,0.22,0.25,11.44,0.34
136,148,Oyo,4.120316667,7.477916667,1,920,60,20,6.17,6.65,0.57,53.4,1.2,2,1.27,2.19,9.62,6
137,149,Oyo,4.120316667,7.477916667,2,700,260,40,6.73,2.09,0.18,7.8,2.18,3.63,2.29,3.96,17.44,5.9
138,150,Oyo,4.12035,7.478366667,1,820,120,60,5.8,2.06,0.18,5.38,0.69,1.15,0.73,1.26,5.53,5.9
139,151,Oyo,4.12035,7.478366667,2,760,60,80,5.89,1.41,0.12,4.2,0.54,0.9,0.57,0.98,4.33,6.4
140,152,Oyo,4.12045,8.169233333,1,840,120,40,6.44,3.41,0.29,14.08,1.45,2.42,1.53,2.64,11.63,8.2
141,153,Oyo,4.12045,8.169233333,2,700,220,80,6.38,5.06,0.44,1.13,1.69,2.82,1.78,3.07,13.52,8.6
142,154,Oyo,4.120416667,8.169766667,1,800,160,40,5.51,4.99,0.43,5.28,0.5,0.83,0.53,0.91,3.99,8.2
143,155,Oyo,4.120416667,8.169766667,2,680,180,140,5.91,2.4,0.21,0.6,1.17,1.94,1.23,2.12,9.33,8.1
144,156,Oyo,4.12045,7.479116667,1,880,60,60,6.2,3.92,0.34,7.5,0.81,1.36,0.86,1.48,6.51,6.2
145,157,Oyo,4.12045,7.479116667,2,720,140,140,6.02,2.35,0.2,2.08,0.87,1.45,0.92,1.59,6.97,6.8
146,158,Oyo,4.12045,7.479266667,1,800,60,140,4.93,8.39,0.72,3.9,1.12,1.87,1.18,2.04,8.96,5
147,159,Oyo,4.12045,7.479266667,2,740,100,160,5.1,1.8,0.15,7.38,0.29,0.48,0.3,0.52,2.28,5.3
148,160,Oyo,4.120466667,8.168933333,1,800,60,140,4.93,8.39,0.72,3.9,1.12,1.87,1.18,2.04,8.96,4.6
149,161,Oyo,4.120466667,8.168933333,2,660,100,240,5.05,1.8,0.15,1.18,1.24,2.07,1.31,2.26,9.95,5
150,162,Osun,4.120383333,7.462766667,1,820,140,40,6.18,3.29,0.28,5.15,0.68,1.14,0.72,1.24,5.46,8.1
151,163,Osun,4.120383333,7.462766667,2,600,260,140,5.93,1.06,0.09,0.68,0.64,1.07,0.67,1.16,5.11,9.3
152,164,Osun,4.1204,7.781216667,1,800,140,60,5.43,9.83,0.85,3.78,1.46,2.44,1.54,2.66,11.7,6
153,165,Osun,4.1204,7.781216667,2,620,60,320,5.11,4.46,0.38,0.55,0.93,1.55,0.98,1.69,7.42,7
154,166,Osun,4.120466667,7.46105,1,520,160,320,6.06,9.7,0.84,12.48,0.88,1.47,0.93,1.6,7.06,6
155,167,Osun,4.120466667,7.46105,2,520,80,400,6.01,7.02,0.61,9.95,0.77,1.28,0.81,1.39,6.12,8
156,168,Osun,4.120351667,7.780816667,1,620,200,180,5.27,9.39,0.81,4.75,0.93,1.55,0.98,1.69,7.44,9
157,169,Osun,4.120351667,7.780816667,2,480,80,440,5.49,3.65,0.31,1.65,2.09,3.48,2.2,3.79,16.69,9
158,170,Osun,4.120333333,7.671866667,1,660,240,100,6.42,9.57,0.83,87.1,1.62,2.71,1.71,2.95,12.98,5.4
159,171,Osun,4.120333333,7.671866667,2,640,232,128,6.72,4.83,0.42,73.7,1.25,2.08,1.31,2.26,9.97,6
160,172,Osun,4.120333333,7.670083333,1,640,100,260,6,7.86,0.68,9.08,1.14,1.89,1.2,2.07,9.09,5.9
161,173,Osun,4.120483333,7.670083333,2,460,140,400,6.03,4.59,0.4,5.38,2.52,4.19,2.65,4.58,20.14,6.3
162,174,Osun,4.120483333,7.377566667,1,840,120,40,4.63,6.22,0.54,0.3,0.81,1.35,0.85,1.47,6.48,8
163,175,Osun,4.120483333,7.377566667,2,520,160,320,4.8,2.67,0.23,0.23,1.38,2.31,1.46,2.52,11.08,10
164,176,Osun,4.120483333,7.439816667,1,840,80,80,5.57,9.52,0.82,2.95,0.61,1.02,0.64,1.11,4.88,5.6
165,177,Osun,4.120483333,7.439816667,2,680,180,140,5.57,6.41,0.55,0.48,1.31,2.19,1.38,2.39,10.5,5.8
166,178,Ondo,4.1204,7.60525,1,780,160,60,5.3,10.6,0.91,2.33,0.72,1.2,0.76,1.31,5.78,6.3
167,179,Ondo,4.1204,7.60525,2,640,140,320,5.06,4.19,0.36,0.35,0.6,0.99,0.63,1.08,4.77,6.8
168,180,Ondo,4.120365,7.606966667,1,780,100,120,5.08,7.64,0.66,2.93,0.37,0.62,0.39,0.68,2.97,7
169,181,Ondo,4.120365,7.606966667,2,820,100,80,5.13,3.16,0.27,1,0.36,0.59,0.37,0.65,2.84,7.8
170,182,Ogun,3.217957,7.31015,1,676.8,240,83.2,5.86,0.9,0.09,9.89,1.9,1.21,0.49,0.45,13.95,2.3
171,183,Ogun,3.218577,7.310996,1,716.8,180,103.2,6.38,1.76,0.18,12.24,2,1.83,0.43,0.29,16.79,2.2
172,184,Ogun,3.218934,7.311928,1,736.8,140,123.2,5.13,0.88,0.09,7.75,3.2,2.3,0.33,0.23,13.8,1.3
173,185,Ogun,3.219014,7.312985,1,676.8,200,123.2,5.64,1.29,0.13,10.51,3.22,2.98,0.88,0.67,18.26,1.1
174,186,Ogun,3.219732,7.313696,1,676.8,220,103.2,5.66,1.47,0.15,7.96,3.75,2.6,0.29,0.12,14.7,1.7
175,187,Ogun,3.220096,7.314621,1,756.8,100,143.2,7.05,2.55,0.25,30.09,4.07,3.06,0.96,0.98,39.16,4.8
176,188,Ogun,3.220566,7.31562,1,696.8,180,123.2,6.64,2.11,0.21,9.79,2.82,2.12,0.37,0.32,15.41,2.2
177,189,Ogun,3.221527,7.315614,1,676.8,180,143.2,6.06,1.38,0.14,8.16,2.51,1.97,0.39,0.37,13.4,2
178,190,Ogun,3.222504,7.316012,1,596.8,260,143.2,6.46,1.62,0.16,14.08,3.83,2.48,0.9,0.78,22.07,3.2
179,191,Ogun,3.223499,7.316129,1,656.8,240,103.2,5.75,1.09,0.11,10.51,3.44,2.98,0.49,0.42,17.84,2
180,192,Ogun,3.22452,7.316104,1,776.8,100,123.2,5.19,1.59,0.16,8.67,2.74,2.29,0.82,0.92,15.44,3.5
181,193,Ogun,3.225467,7.316381,1,676.8,200,123.2,5.93,1.35,0.14,12.14,2.44,2.24,0.49,0.43,17.74,1.8
182,194,Ogun,3.225924,7.317517,1,736.8,160,103.2,5.79,1.62,0.16,7.96,1.45,1.22,0.31,0.23,11.16,2.1
183,195,Ogun,3.226303,7.318566,1,716.8,180,103.2,6.37,2.29,0.23,9.49,3.28,2.88,0.49,0.46,16.6,3
184,196,Ogun,3.227338,7.319043,1,756.8,160,83.2,5.85,1.29,0.13,8.87,2.25,2.08,0.37,0.34,13.92,2.6
185,197,Ogun,3.227948,7.31998,1,676.8,180,143.2,5.79,0.94,0.09,9.08,1.75,1.12,0.45,0.38,12.78,2.9
186,198,Ogun,3.228368,7.320926,1,716.8,160,123.2,5.71,1.97,0.2,10.81,1.75,1.47,0.43,0.39,14.85,2.5
187,199,Ogun,3.229723,7.320194,1,676.8,200,123.2,5.26,1.79,0.18,10.91,1.76,1.4,0.23,0.12,14.42,2.7
188,200,Ogun,3.230217,7.318264,1,756.8,100,143.2,5.14,1.12,0.11,9.49,0.89,0.56,0.23,0.13,11.29,2.6
189,201,Ogun,3.229304,7.31641,1,736.8,120,143.2,5.79,1.35,0.14,10.71,1.8,1.3,0.27,0.24,14.32,2.5
190,202,Ogun,3.228838,7.331932,1,716.8,180,103.2,6.03,2.12,0.21,14.89,3.42,0.94,0.31,0.26,19.82,5.3
191,203,Ogun,3.228212,7.330949,1,716.8,180,103.2,5.64,0.79,0.08,6.94,2.52,0.79,0.27,0.13,10.64,3.7
192,204,Ogun,3.228125,7.329803,1,656.8,240,103.2,5.2,0.98,0.1,10.2,1.73,1.05,0.29,0.23,13.5,6.4
193,205,Ogun,3.228634,7.32878,1,736.8,140,123.2,6.09,1.56,0.16,13.46,3.13,1.04,0.49,0.48,18.61,6.1
194,206,Ogun,3.229719,7.328355,1,736.8,140,123.2,6.07,1,0.1,9.38,2.41,0.96,0.47,0.42,13.64,4.9
195,207,Ogun,3.230161,7.32691,1,781.12,103.78,115.1,6.69,2.41,0.24,7.14,1.72,0.69,0.51,0.54,10.61,4.3
196,208,Ogun,3.231071,7.32603,1,761.12,143.78,95.1,5.58,0.65,0.06,7.55,1.85,0.98,0.31,0.23,10.92,4.9
197,209,Ogun,3.232431,7.325667,1,701.12,183.78,115.1,5.71,1.53,0.15,6.73,2.15,0.93,0.25,0.25,10.3,4
198,210,Ogun,3.233733,7.325278,1,701.12,183.78,115.1,5.5,0.82,0.08,7.65,3,0.65,0.43,0.24,11.97,4.1
199,211,Ogun,3.234943,7.324163,1,741.12,143.78,115.1,5.28,1.09,0.11,6.94,1.5,0.35,0.26,0.18,9.22,4.4
200,212,Ogun,3.234531,7.322951,1,681.12,203.78,115.1,5.67,0.87,0.09,5.51,0.9,0.26,0.46,0.36,7.49,3.4
201,213,Ogun,3.233986,7.321515,1,661.12,223.78,115.1,5.24,0.88,0.09,6.94,1.3,1.28,0.56,0.34,10.42,3.8
202,214,Ogun,3.2343,7.319851,1,781.12,83.78,135.1,5.16,1.06,0.11,8.57,3.1,0.64,0.29,0.21,12.8,3.3
203,215,Ogun,3.234369,7.317819,1,721.12,143.78,135.1,5.6,1.45,0.14,6.63,1.31,0.61,0.32,0.23,9.1,3.4
204,216,Ogun,3.23354,7.316542,1,701.12,183.78,115.1,5.7,1.53,0.15,7.55,2.42,0.84,0.49,0.25,11.55,3.3
205,217,Ogun,3.232255,7.31603,1,781.12,83.78,135.1,5.68,1.01,0.1,7.04,2.13,0.79,0.36,0.21,10.52,3.8
206,218,Ogun,3.227326,7.314352,1,701.12,163.78,135.1,5.31,1.03,0.1,7.96,1.48,0.92,0.44,0.32,11.11,3.9
207,219,Ogun,3.226685,7.313398,1,701.12,183.78,115.1,5.72,1.19,0.12,7.96,3.12,0.79,0.28,0.2,12.34,4.2
208,220,Ogun,3.225172,7.313026,1,721.12,143.78,135.1,5.74,1.02,0.1,8.98,1.89,0.64,0.32,0.21,12.04,4.5
209,221,Ogun,3.223413,7.312058,1,721.12,163.78,115.1,6.06,1.31,0.13,6.94,2,0.88,0.41,0.32,10.55,3.5
210,222,Ogun,3.216055,7.30991,1,741.12,143.78,115.1,5.73,1.05,0.11,6.53,1.72,0.68,0.52,0.37,9.82,3.5
211,223,Ogun,3.215355,7.310348,1,761.12,123.78,115.1,5.72,1.03,0.1,8.03,3.12,0.37,0.36,0.23,12.11,4
212,224,Ogun,3.215269,7.311383,1,721.12,163.78,115.1,6,1.28,0.13,8.03,1.8,1.11,0.46,0.32,11.71,3.9
213,225,Ogun,3.215389,7.312441,1,741.12,123.78,135.1,5.39,1.07,0.11,7.92,2.17,0.92,0.28,0.19,11.48,4.1
214,226,Ogun,3.215836,7.313374,1,681.12,183.78,135.1,5.07,1.19,0.12,7.08,3.22,2.65,0.27,0.21,13.42,2.2
215,227,Ogun,3.214671,7.313622,1,701.12,163.78,135.1,5.04,1.05,0.11,7.71,3.19,2.6,0.29,0.29,14.08,1.2
216,228,Ogun,3.213521,7.313609,1,781.12,103.78,115.1,5.34,1.09,0.11,7.5,4.23,3.27,0.27,0.18,15.45,1.62
217,229,Ogun,3.214155,7.314723,1,801.12,63.78,135.1,6.95,2.7,0.27,12.14,2.67,2.44,0.39,0.32,17.96,1.83
218,230,Ogun,3.214296,7.315857,1,781.12,83.78,135.1,6.42,1.2,0.12,7.6,3.08,2.62,0.27,0.11,13.68,1.7
219,231,Ogun,3.215683,7.315673,1,721.12,163.78,115.1,6.18,1.23,0.12,9.4,2.89,2.79,0.31,0.21,15.6,2.6
220,232,Ogun,3.216517,7.315933,1,687.6,225.96,86.44,5.71,0.81,0.08,8.34,2.55,2.21,0.35,0.33,13.78,1.7
221,233,Ogun,3.217506,7.316596,1,707.6,205.96,86.44,6.49,1.64,0.16,10.03,2.86,2.67,0.39,0.42,16.37,3.6
222,234,Ogun,3.217585,7.317497,1,747.6,145.96,106.44,5.71,1.01,0.1,7.81,1.86,1.54,0.33,0.39,11.93,1.51
223,235,Ogun,3.217526,7.318283,1,667.6,245.96,86.44,5.96,0.92,0.09,9.19,3.51,2.64,0.18,0.12,15.64,1.86
224,236,Ogun,3.217181,7.319123,1,687.6,245.96,66.44,5.85,1.07,0.11,8.34,2.54,2.34,0.21,0.21,13.64,1.4
225,237,Ogun,3.216922,7.320029,1,727.6,145.96,126.44,5.99,1.11,0.11,8.13,2.2,2.17,0.16,0.19,12.86,1.7
226,238,Ogun,3.216004,7.320703,1,747.6,145.96,106.44,5.96,1.17,0.12,7.81,3.06,2.45,0.23,0.22,13.77,1.88
227,239,Ogun,3.215807,7.321165,1,727.6,165.96,106.44,5.35,1.14,0.11,7.18,2.06,1.8,0.14,0.14,11.33,1.56
228,240,Ogun,3.215585,7.322526,1,707.6,205.96,86.44,6.04,1.06,0.11,7.81,3.36,2.22,0.25,0.27,13.91,2.6
229,241,Ogun,3.215695,7.323453,1,767.6,145.96,86.44,5.75,0.9,0.09,7.5,3.12,2.22,0.29,0.32,13.45,3.6
230,242,Ogun,3.215923,7.324558,1,747.6,165.96,86.44,5.57,0.76,0.08,8.03,3.1,2.83,0.27,0.28,14.51,1.04
231,243,Ogun,3.216845,7.324768,1,687.6,205.96,106.44,6.02,1.3,0.13,7.5,3.13,2.83,0.29,0.24,13.99,1.28
232,244,Ogun,3.21673,7.322688,1,707.6,205.96,86.44,6.1,1.59,0.16,8.98,3.66,2.11,0.39,0.34,15.47,5.2
233,245,Ogun,3.217154,7.321789,1,727.6,185.96,86.44,6.72,1.79,0.18,8.03,2.99,2.89,0.31,0.29,14.51,3.9
234,246,Ogun,3.218168,7.321011,1,687.6,205.96,106.44,5.95,1.92,0.19,7.29,3.81,2.41,0.27,0.26,14.04,1.48
235,247,Ogun,3.218379,7.32012,1,667.6,245.96,86.44,5.63,0.63,0.06,7.92,3.14,2.44,0.25,0.29,14.03,4.5
236,248,Ogun,3.219066,7.319926,1,727.6,165.96,106.44,5.9,0.57,0.06,8.76,3,2.67,0.37,0.32,15.12,1.68
237,249,Ogun,3.217672,7.318487,1,687.6,205.96,106.44,6.64,1.17,0.12,11.83,3.68,2.85,0.49,0.52,19.37,1.9
238,250,Ogun,3.217576,7.317371,1,767.6,125.96,106.44,6.53,1.56,0.16,9.72,3.02,2.86,0.35,0.38,16.32,1.93
239,251,Ogun,3.21684,7.316804,1,727.6,185.96,86.44,6.2,1.48,0.15,8.98,3.07,2.8,0.27,0.23,15.34,1.05
240,252,Ogun,3.215894,7.312361,1,747.6,145.96,106.44,6.63,2.18,0.22,10.77,3.07,2.72,0.43,0.46,17.45,1.67
241,253,Ogun,3.216584,7.314197,1,787.6,125.96,86.44,5.92,0.33,0.03,8.55,3.23,2.74,0.27,0.29,15.08,1.58
242,254,Ogun,3.213997,7.315894,1,767.6,145.96,86.44,6.51,1.69,0.17,10.56,3.14,2.91,0.31,0.31,17.23,2.9
243,255,Ogun,3.211504,7.31563,1,767.6,145.96,86.44,7.54,1.14,0.11,17.53,2.32,1.9,0.45,0.45,22.65,1.42
244,256,Ogun,3.21099,7.313638,1,831.4,83.8,84.8,5.51,0.52,0.05,9.4,3.1,2.83,0.25,0.28,15.85,1.16
245,257,Ogun,3.214081,7.315958,1,811.4,83.8,104.8,6.55,2.18,0.22,10.03,3.53,2.88,0.53,0.56,17.53,2.1
246,258,Ogun,3.215373,7.31623,1,831.4,83.8,84.8,5.86,1.07,0.11,8.76,3.12,2.83,0.33,0.39,15.44,1.81
247,259,Ogun,3.216368,7.315253,1,851.4,63.8,84.8,5.59,1.27,0.13,8.87,2.81,2.69,0.37,0.42,15.16,2.2
248,260,Ogun,3.218085,7.314984,1,811.4,83.8,104.8,5.76,0.62,0.06,7.6,2.53,1.98,0.31,0.28,12.7,1.3
249,261,Ogun,3.21715,7.312038,1,831.4,83.8,84.8,6.26,2.63,0.26,10.56,2.45,1.9,0.35,0.39,15.65,1.3
250,262,Ogun,3.20737,7.324178,1,831.4,83.8,84.8,6.5,2.41,0.24,8.55,2.69,1.98,0.45,0.45,14.12,1.46
251,263,Ogun,3.209038,7.324381,1,851.4,63.8,84.8,6.37,1.46,0.15,9.08,2.13,2.09,0.39,0.47,14.16,1.13
252,264,Ogun,3.210329,7.323846,1,651.4,243.8,104.8,5.01,0.66,0.07,8.87,2.89,2,0.25,0.28,14.29,4.9
253,265,Ogun,3.211602,7.323573,1,671.4,183.8,144.8,4.61,0.23,0.02,9.72,2.49,2.4,0.43,0.51,15.55,3
254,266,Ogun,3.213152,7.324336,1,691.4,223.8,84.8,6.19,2.89,0.29,10.03,2.48,1.69,0.55,0.58,15.34,1.4
255,267,Ogun,3.214407,7.326042,1,791.4,103.8,104.8,6.47,2.8,0.28,12.46,2.12,1.74,0.57,0.89,17.78,2.1
256,268,Ogun,3.214898,7.327326,1,831.4,83.8,84.8,6.77,1.72,0.17,9.19,2.61,2,0.94,0.98,15.72,1.01
257,269,Ogun,3.215352,7.328451,1,791.4,103.8,104.8,6.68,1.98,0.2,13.94,2.72,2.44,0.72,0.88,20.7,1.46
258,270,Ogun,3.215342,7.329549,1,831.4,83.8,84.8,5.97,0.91,0.09,16.26,2.97,2.11,0.45,0.49,22.28,4.5
259,271,Ogun,3.215522,7.33065,1,731.4,163.8,104.8,4.66,0.46,0.05,8.13,2.53,1.75,0.27,0.18,12.86,1.65
260,272,Ogun,3.206708,7.323276,1,751.4,183.8,64.8,5.28,0.56,0.06,9.08,3.03,2.07,0.29,0.23,14.7,1.61
261,273,Ogun,3.208264,7.325416,1,851.4,83.8,64.8,6.48,1.69,0.17,10.88,3.05,2.46,0.39,0.34,17.12,1.69
262,274,Ogun,3.210524,7.324881,1,751.4,143.8,104.8,4.42,0.43,0.04,8.66,2.14,1.98,0.29,0.28,13.34,3.2
263,275,Ogun,3.211848,7.325606,1,831.4,83.8,84.8,6.49,2.31,0.23,8.55,2.52,1.69,0.47,0.49,13.73,1.44
264,276,Ogun,3.213328,7.325649,1,791.4,103.8,104.8,5.23,0.83,0.08,12.88,2.46,2.21,0.25,0.18,17.98,1.85
265,277,Ogun,3.21343,7.326641,1,811.4,83.8,104.8,6.47,0.76,0.08,12.14,3.52,2.83,1.29,1.34,21.12,0.1
266,278,Ogun,3.214066,7.327979,1,771.4,123.8,104.8,6.8,0.81,0.08,9.59,3.38,2.82,0.47,0.46,16.72,1.29
267,279,Ogun,3.212291,7.327524,1,791.4,123.8,84.8,6.94,1.72,0.17,26.93,3.13,2.75,1.11,1.22,35.14,1.48
268,280,Ogun,3.213855,7.328939,1,751.4,83.8,164.8,6.41,0.8,0.08,14.38,4.99,2.69,0.43,0.44,22.94,1.85
269,281,Ogun,3.213887,7.330066,1,576.8,218.4,204.8,6.52,2.29,0.23,11.53,1.5,1.06,0.59,0.65,15.33,2.13
270,282,Ogun,3.460393,7.094008,1,636.8,158.4,204.8,6.09,1.97,0.2,12.14,1.09,0.86,0.59,0.69,15.37,1.98
271,283,Ogun,3.461684,7.095094,1,676.8,138.4,184.8,5.69,0.66,0.07,15.2,1.08,0.92,0.41,0.47,18.08,1.67
272,284,Ogun,3.462821,7.096433,1,716.8,118.4,164.8,5.58,0.9,0.09,11.02,1.76,1.6,0.33,0.38,15.08,1.56
273,285,Ogun,3.464526,7.097724,1,696.8,78.4,224.8,7,3.4,0.34,18.77,1.96,1.02,0.39,0.37,22.51,2.22
274,286,Ogun,3.460694,7.093047,1,736.8,38.4,224.8,6.53,1.24,0.12,12.65,4.57,2.64,0.33,0.39,20.58,2.1
275,287,Ogun,3.462042,7.093669,1,676.8,98.4,224.8,6.34,2.05,0.2,17.54,3.95,2.74,0.59,0.54,25.37,1.9
276,288,Ogun,3.464098,7.092472,1,676.8,78.4,244.8,6.34,2.26,0.23,8.77,4.32,2.38,0.45,0.43,16.35,1.46
277,289,Ogun,3.46767,7.09484,1,696.8,98.4,204.8,6.94,1.75,0.17,8.87,1.7,1.17,0.25,0.28,12.27,0.98
278,290,Ogun,3.331373,7.094938,1,616.8,218.4,164.8,6.66,1.16,0.12,9.28,2.58,1.79,0.31,0.29,14.25,1.87
279,291,Ogun,3.330705,7.093945,1,676.8,158.4,164.8,6.91,1.55,0.16,8.98,1.45,1.29,0.49,0.57,12.78,1.98
280,292,Ogun,3.329931,7.092699,1,676.8,158.4,164.8,6.42,1.7,0.17,8.98,1.35,0.84,0.51,0.61,12.29,2.56
281,293,Ogun,3.329257,7.090998,1,756.8,78.4,164.8,5.79,0.89,0.09,8.26,1.29,1.24,0.27,0.19,11.25,1.23
282,294,Ogun,3.328243,7.089372,1,776.8,58.4,164.8,5.96,0.85,0.09,9.69,3.4,1.34,0.29,0.23,14.95,1.67
283,295,Ogun,3.326812,7.088223,1,756.8,78.4,164.8,5.82,0.82,0.08,8.06,1.58,1.07,0.29,0.31,11.3,2.34
284,296,Ogun,3.327496,7.086452,1,736.8,118.4,144.8,6.02,1.16,0.12,8.87,1.52,1.5,0.39,0.39,12.67,2.87
285,297,Ogun,3.328868,7.086869,1,776.8,58.4,164.8,5.29,0.79,0.08,7.96,1.99,1.28,0.29,0.28,11.79,1.98
286,298,Ogun,3.32819,7.088211,1,716.8,78.4,204.8,6.28,1.46,0.15,8.98,1.13,1.02,0.35,0.29,11.77,2.87
287,299,Ogun,3.331974,7.094124,1,776.8,118.4,104.8,6.16,2.34,0.23,7.96,2.31,1.53,0.55,0.45,12.8,2.67
288,300,Ogun,3.331612,7.093553,1,676.8,98.4,224.8,6.28,2.35,0.23,7.75,2.13,1.16,0.35,0.36,11.75,2.45
289,301,Ogun,3.330846,7.092398,1,776.8,58.4,164.8,5.06,0.95,0.1,8.87,2.36,1.11,0.41,0.43,13.18,1.87
290,302,Ogun,3.330138,7.090886,1,796.8,38.4,164.8,5.13,0.9,0.09,8.16,2.59,1.31,0.64,0.62,13.32,1.24
291,303,Ogun,3.329347,7.089151,1,756.8,118.4,124.8,7.17,2.84,0.28,8.57,1.55,0.9,0.45,0.43,11.9,3.48
292,304,Ogun,3.326322,7.086647,1,776.8,38.4,184.8,6.33,2.35,0.23,8.36,2.38,1.53,0.33,0.38,12.98,3.21
293,305,Ogun,3.327535,7.084673,1,771.4,51.9,176.7,6.07,1.02,0.1,8.67,2.8,1.38,0.49,0.46,13.8,3.22
294,306,Ogun,3.330889,7.085882,1,711.4,91.9,196.7,6.41,1.74,0.17,7.75,2.14,1.57,0.33,0.39,12.18,2.91
295,307,Ogun,3.616628,7.117411,1,751.4,31.9,216.7,6.32,1.92,0.19,8.47,2.24,0.85,0.31,0.28,12.14,2.89
296,308,Ogun,3.616898,7.118461,1,731.4,151.9,116.7,6.05,1.79,0.18,8.57,2.33,1.12,0.27,0.29,12.57,2.99
297,309,Ogun,3.617568,7.120374,1,771.4,71.9,156.7,5.91,0.91,0.09,10.3,2.23,1.49,0.29,0.28,14.59,1.87
298,310,Ogun,3.618068,7.122758,1,791.4,111.9,96.7,7.12,2.43,0.24,10.61,1.48,0.88,0.57,0.57,14.11,0.5
299,311,Ogun,3.615965,7.118494,1,771.4,111.9,116.7,6.89,2.16,0.22,13.46,2.56,1.34,0.74,0.78,18.88,0.4
300,312,Ogun,3.616024,7.120407,1,731.4,111.9,156.7,5.89,1.46,0.15,16.01,2.27,1.59,0.8,0.97,21.64,0.5
301,313,Ogun,3.617067,7.121735,1,791.4,51.9,156.7,6.72,2.5,0.25,11.53,2.86,1.26,0.33,0.38,16.35,0.8
302,314,Ogun,3.617424,7.124798,1,811.4,111.9,76.7,6.77,1.65,0.17,11.42,2.43,1.21,0.33,0.32,15.72,0.7
303,315,Ogun,3.506245,7.222301,1,751.4,111.9,136.7,6.38,2.05,0.2,10.2,2.12,1.19,0.59,0.65,14.75,0.3
304,316,Ogun,3.506234,7.223888,1,791.4,111.9,96.7,5.57,1.68,0.17,9.28,2.23,1.22,0.18,0.18,13.1,0.09
305,317,Ogun,3.50599,7.224759,1,671.4,151.9,176.7,6.16,1.98,0.2,10.2,2.57,1.47,0.55,0.49,15.28,1.1
306,318,Ogun,3.508895,7.239764,1,691.4,171.9,136.7,5.69,0.64,0.06,10.1,2.46,0.94,0.31,0.28,14.09,0.5
307,319,Ogun,3.509501,7.236939,1,751.4,91.9,156.7,6.18,1.49,0.15,10.91,2.89,1.18,0.43,0.47,15.89,1.2
308,320,Ogun,3.509491,7.234836,1,771.4,71.9,156.7,6.28,1.43,0.14,11.42,2.85,0.98,0.23,0.18,15.65,0.9
309,321,Ogun,3.510775,7.235616,1,791.4,71.9,136.7,6.15,1.64,0.16,20.3,3.11,1.05,0.31,0.28,25.05,0.7
310,322,Ogun,3.509585,7.231547,1,811.4,31.9,156.7,6.63,1.92,0.19,14.79,2.64,1.35,0.33,0.38,19.49,1
311,323,Ogun,3.731347,7.028445,1,751.4,91.9,156.7,5.99,1.11,0.11,9.38,2.64,1.05,0.27,0.27,13.61,0.2
312,324,Ogun,3.730686,7.027875,1,771.4,71.9,156.7,6.36,1.46,0.15,9.08,2.04,1.27,0.29,0.26,12.94,0.3
313,325,Ogun,3.730051,7.027565,1,711.4,111.9,176.7,6.2,1,0.1,10.51,1.95,1.09,0.33,0.37,14.25,0.5
314,326,Ogun,3.729664,7.028199,1,811.4,51.9,136.7,5.85,0.76,0.08,8.67,2.14,1.51,0.31,0.29,12.92,1.1
315,327,Ogun,3.730578,7.028496,1,771.4,71.9,156.7,5.97,0.54,0.05,12.75,1.58,0.94,0.35,0.37,15.99,0.5
316,328,Ogun,3.730863,7.028957,1,791.4,51.9,156.7,5.3,0.98,0.1,8.77,2.38,1.5,0.25,0.28,13.18,0.4
317,329,Ogun,3.731246,7.029328,1,731.4,111.9,156.7,6.01,2.02,0.2,11.32,2.35,1.64,0.41,0.49,16.21,0.6
318,330,Ogun,3.730414,7.029363,1,794.64,68.66,136.7,6.16,1.76,0.18,11.73,2.38,1.14,0.31,0.28,15.84,0.9
319,331,Ogun,3.729754,7.029537,1,774.64,108.66,116.7,6.53,2.28,0.23,10.4,2.06,1.49,0.37,0.38,14.7,0.3
320,332,Ogun,3.729091,7.029882,1,754.64,108.66,136.7,6.38,1.54,0.15,10.2,2.88,1.55,0.37,0.42,15.42,0.3
321,333,Ogun,3.730096,7.030682,1,774.64,128.66,96.7,5.71,0.78,0.08,21.42,2.78,1.47,0.31,0.29,26.27,0.8
322,334,Ogun,3.730899,7.036372,1,794.64,48.66,156.7,5.84,0.87,0.09,9.18,1.99,1.57,0.27,0.28,13.29,1.2
323,335,Ogun,3.727027,7.042175,1,794.64,48.66,156.7,5.23,1.05,0.1,9.08,2.31,1.08,0.18,0.19,12.85,1.08
324,336,Ogun,3.72633,7.047236,1,774.64,128.66,96.7,6.23,0.96,0.1,9.18,2.44,0.93,0.31,0.29,13.14,0.6
325,337,Ogun,3.726565,7.049603,1,794.64,48.66,156.7,6.61,2.25,0.23,10.71,2.84,1.21,0.57,0.67,16,0.4
326,338,Ogun,3.726758,7.051839,1,814.64,68.66,116.7,6.06,1.76,0.18,9.38,2.54,0.96,0.25,0.28,13.41,1.1
327,339,Ogun,3.726696,7.052714,1,694.64,168.66,136.7,6.88,3.16,0.32,11.73,2.67,1.38,0.51,0.59,16.88,0.9
328,340,Ogun,3.768761,6.983094,1,794.64,48.66,156.7,5.36,0.75,0.08,10.4,2.37,1.13,0.39,0.39,14.69,0.4
329,341,Ogun,3.770213,6.982047,1,674.64,128.66,196.7,5.6,0.64,0.06,8.77,2.56,1.29,0.49,0.48,13.59,0.6
330,342,Ogun,3.772346,6.980839,1,794.64,48.66,156.7,6.64,2.45,0.24,9.89,2.73,1.43,0.35,0.38,14.78,0.9
331,343,Ogun,3.773075,6.980838,1,774.64,88.66,136.7,6.14,1.92,0.19,10.91,1.92,0.93,0.49,0.57,14.82,1.4
332,344,Ogun,3.771527,6.981027,1,694.64,128.66,176.7,6.48,2.14,0.21,10.2,3.45,2.27,0.49,0.54,16.95,0.5
333,345,Ogun,3.770336,6.981928,1,694.64,148.66,156.7,6.23,2.57,0.26,9.49,2.65,1.98,0.59,0.69,15.4,1
334,346,Ogun,3.769985,6.982728,1,694.64,168.66,136.7,6.38,2.15,0.21,8.98,3.56,2.09,0.59,0.49,15.71,1.2
335,347,Ogun,3.768852,6.983108,1,674.64,148.66,176.7,5.88,0.86,0.09,14.41,2.46,1.62,0.62,0.43,19.54,0.5
336,348,Ogun,3.768757,6.98367,1,794.64,48.66,156.7,6.48,1.4,0.14,24.11,3.82,1.67,0.54,0.41,30.55,1.2
337,349,Ogun,3.76902,6.984029,1,734.64,88.66,176.7,5.8,0.76,0.08,23.91,3.74,2.33,0.74,0.56,31.28,0.9
338,350,Ogun,3.769304,6.984462,1,774.64,68.66,156.7,5.41,0.61,0.06,20.48,3.46,2.28,0.62,0.58,27.42,2.7
339,351,Ogun,3.769444,6.984392,1,814.64,48.66,136.7,6.03,1.81,0.18,22.54,3.2,2.83,0.6,0.45,29.62,3.1
340,352,Ogun,3.76911,6.984488,1,794.64,88.66,116.7,6.25,2.35,0.23,18.03,3.56,1.83,0.92,0.65,25,0.8
341,353,Ogun,3.769972,6.985297,1,694.64,148.66,156.7,6.84,2.51,0.25,23.13,3.1,2.64,0.82,0.72,30.41,4.1
342,354,Ogun,3.770918,6.985792,1,794.64,68.66,136.7,5.76,0.51,0.05,12.54,2.02,1.62,0.6,0.43,17.21,3.1
343,355,Ogun,3.771732,6.985578,1,626,169.2,204.8,5.05,0.4,0.04,10.88,3.6,2.96,0.42,0.32,18.18,1.2
344,356,Ogun,3.771041,6.985233,1,646,169.2,184.8,5.63,0.84,0.08,8.33,3.2,2.56,0.44,0.31,14.84,7.1
345,357,Ogun,3.718168,6.859289,1,686,89.2,224.8,4.97,0.78,0.08,15.39,3,2.08,0.26,0.19,20.92,2.3
346,358,Ogun,3.718168,6.850372,1,706,129.2,164.8,4.61,2.13,0.21,13.33,2.48,1.7,0.22,0.15,17.88,4.1
347,359,Ogun,3.718991,6.851737,1,766,89.2,144.8,4.9,0.66,0.07,9.21,3.06,1.85,0.18,0.17,14.47,3.3
348,360,Ogun,3.715842,6.851537,1,746,89.2,164.8,4.88,0.54,0.05,10.98,2.4,1.8,0.22,0.11,15.51,0.8
349,361,Ogun,3.71853,6.851653,1,766,109.2,124.8,5.18,0.65,0.07,9.31,2.2,1.77,0.16,0.14,13.58,0.1
350,362,Ogun,3.715997,6.853631,1,726,89.2,184.8,5.08,1.01,0.1,10.29,2.38,1.82,0.2,0.14,14.83,0.8
351,363,Ogun,3.716144,6.855867,1,746,129.2,124.8,5.46,0.95,0.1,8.33,3.5,2.66,0.2,0.12,14.81,0.9
352,364,Ogun,3.717307,6.858745,1,766,69.2,164.8,5,0.93,0.09,9.9,3.72,2.41,0.18,0.15,16.36,6.1
353,365,Ogun,3.71321,6.858513,1,726,109.2,164.8,5.09,0.96,0.1,9.21,2.3,1.8,0.18,0.13,13.62,0.2
354,366,Ogun,3.720222,6.859614,1,746,49.2,204.8,5.36,0.96,0.1,8.53,2.5,1.9,0.16,0.13,13.22,2.1
355,367,Ogun,3.719679,6.859345,1,786,69.2,144.8,4.98,0.72,0.07,10.29,2.42,1.8,0.44,0.17,15.12,1.1
356,368,Ogun,3.719781,6.858296,1,726,109.2,164.8,5.37,0.73,0.07,10.88,2.38,1.87,0.3,0.21,15.64,1.2
357,369,Ogun,3.719752,6.856395,1,666,229.2,104.8,5.37,0.67,0.07,22.44,2.76,2.1,0.16,0.13,27.59,1.5
358,370,Ogun,3.719259,6.854625,1,706,109.2,184.8,5.17,0.56,0.06,9.7,2.96,2.3,0.28,0.16,15.4,1.9
359,371,Ogun,3.719167,6.852817,1,746,89.2,164.8,5.39,0.74,0.07,11.27,2.82,1.95,0.32,0.21,16.57,2.2
360,372,Ogun,3.719121,6.851016,1,726,169.2,104.8,5.26,0.87,0.09,8.62,2.26,1.8,0.12,0.09,12.9,3.1
361,373,Ogun,3.719252,6.849206,1,666,209.2,124.8,5.41,0.62,0.06,8.33,2.22,1.6,0.16,0.13,12.44,1.5
362,374,Ogun,3.721761,6.848211,1,706,149.2,144.8,5.53,0.9,0.09,18.13,2.34,1.8,0.24,0.18,22.69,1
363,375,Ogun,3.722104,6.850366,1,746,129.2,124.8,5.36,0.81,0.08,16.56,2.04,1.62,0.34,0.21,20.77,0.2
364,376,Ogun,3.722439,6.852237,1,766,109.2,124.8,5.27,0.76,0.08,10.98,3.38,2.53,0.2,0.21,17.29,0.4
365,377,Ogun,3.722576,6.853965,1,746,69.2,184.8,5.32,0.64,0.06,9.21,2.36,1.82,0.24,0.23,13.86,1.3
366,378,Ogun,3.722679,6.855808,1,786,69.2,144.8,4.87,0.48,0.05,9.9,2.4,1.11,0.22,0.24,13.87,4.1
367,379,Ogun,3.722936,6.857721,1,786,49.2,164.8,5.11,0.56,0.06,7.74,3.11,2.46,0.32,0.24,13.87,3.8
368,380,Ogun,3.722786,6.859511,1,766,109.2,124.8,4.93,0.22,0.02,9.02,3.34,2.07,0.22,0.17,14.81,2.2
369,381,Ogun,3.720947,6.859388,1,786,69.2,144.8,5.28,0.67,0.07,4.8,2.26,1.74,0.16,0.13,9.09,1.2
370,382,Ogun,4.040865,6.898688,1,726,169.2,104.8,5.9,0.75,0.07,9.31,2.56,1.95,0.22,0.18,14.22,0.9
371,383,Ogun,4.041107,6.899562,1,766,89.2,144.8,5.81,0.67,0.07,8.43,3.6,2.12,0.26,0.19,14.59,2.1
372,384,Ogun,4.040757,6.900988,1,686,89.2,224.8,5.52,0.55,0.06,7.74,2.72,1.95,0.42,0.29,13.12,3.3
373,385,Ogun,4.04189,6.901882,1,666,129.2,204.8,6.77,1.69,0.17,6.76,2.72,2.2,0.26,0.15,12.09,1.1
374,386,Ogun,4.040976,6.902221,1,686,109.2,204.8,5.49,0.67,0.07,8.62,3.2,2.41,0.28,0.18,14.7,2.1
375,387,Ogun,4.040977,6.903064,1,666,149.2,184.8,5.84,0.84,0.08,8.43,3.72,2.91,0.3,0.22,15.58,0.8
376,388,Ogun,4.046731,6.903561,1,766,69.2,164.8,5.86,0.9,0.09,9.02,2.78,2.12,0.28,0.21,14.4,0.9
377,389,Ogun,4.05039,6.904782,1,686,109.2,204.8,6.14,1.82,0.18,11.96,3.88,2.69,0.64,0.45,19.62,3.1
378,390,Ogun,3.913691,7.067338,1,746,149.2,104.8,6.46,2.01,0.2,11.27,3.52,2.6,0.46,0.35,18.2,1.2
379,391,Ogun,3.912417,7.067346,1,766,109.2,124.8,6.13,1.02,0.1,9.31,2.28,1.67,0.36,0.19,13.81,1.7
380,392,Ogun,3.913147,7.067812,1,746,109.2,144.8,6.02,1.9,0.19,7.25,1.66,1.21,0.22,0.21,10.55,1.3
381,393,Ogun,3.913518,7.068799,1,766,129.2,104.8,5.86,0.74,0.07,9.02,1.44,1.11,0.34,0.25,12.15,2.4
382,394,Ogun,3.913666,7.06962,1,786,29.2,184.8,5.98,0.9,0.09,8.13,3.68,2.86,0.3,0.24,15.21,3.5
383,395,Ogun,3.913942,7.071432,1,634.1,272.44,93.46,5.6,0.43,0.04,14.31,1.96,1.45,0.68,0.48,18.88,0.9
384,396,Ogun,3.914993,7.068356,1,674.1,252.44,73.46,6.76,2.53,0.25,21.07,1.84,1.47,0.42,0.25,25.05,1.01
385,397,Ogun,3.917502,7.069695,1,654.1,212.44,133.46,5.91,0.55,0.05,8.53,5.5,3.27,0.26,0.19,17.75,1.3
386,398,Ogun,3.917885,7.06774,1,674.1,172.44,153.46,5.18,0.93,0.09,74.58,1.98,1.31,0.72,0.49,79.07,1.2
387,399,Ogun,3.916438,7.067783,1,774.1,72.44,153.46,6.23,1.79,0.18,8.82,2.76,2.03,0.34,0.26,14.21,1.4
388,400,Ogun,3.915335,7.066279,1,754.1,132.44,113.46,6.15,1.64,0.16,8.92,2.7,2.13,0.3,0.22,14.27,2.1
389,401,Ogun,3.913096,7.064481,1,674.1,172.44,153.46,6.09,1.87,0.19,8.04,2.3,1.74,0.48,0.34,12.89,1.1
390,402,Ogun,3.913313,7.06507,1,674.1,172.44,153.46,6.4,2.46,0.25,11.17,2.34,1.85,0.42,0.25,16.03,0.8
391,403,Ogun,3.912878,7.065695,1,614.1,232.44,153.46,5.77,0.9,0.09,8.72,2.7,1.83,0.34,0.26,13.86,3.3
392,404,Ogun,3.912357,7.066706,1,594.1,232.44,173.46,5.95,0.83,0.08,8.92,3.44,2.76,0.3,0.24,15.66,0.2
393,405,Ogun,3.914,7.065102,1,674.1,192.44,133.46,7.02,2.22,0.22,10.98,3.3,2.55,0.32,0.22,17.36,3.4
394,406,Ogun,3.913274,7.065893,1,714.1,172.44,113.46,6.44,2.26,0.23,17.84,2.42,1.83,0.44,0.33,22.86,2.4
395,407,Ogun,3.977725,7.059794,1,754.1,92.44,153.46,6.3,2.19,0.22,9.6,3.48,2.64,0.44,0.31,16.48,2.1
396,408,Ogun,3.978131,7.057427,1,614.1,192.44,193.46,5.94,0.52,0.05,7.55,2.96,2.12,0.36,0.25,13.23,0.8
397,409,Ogun,3.978743,7.038106,1,594.1,212.44,193.46,5.82,0.87,0.09,10.68,3.38,2.41,0.6,0.42,17.5,0.1
398,410,Ogun,3.978155,7.037625,1,574.1,232.44,193.46,5.85,0.67,0.07,9.7,3.58,2.74,0.3,0.21,16.54,0.9
399,411,Ogun,3.977567,7.037143,1,594.1,212.44,193.46,6.04,1.56,0.16,8.92,3.44,2.6,0.36,0.26,15.57,1.3
400,412,Ogun,3.97625,7.037186,1,614.1,212.44,173.46,6.06,1.98,0.2,12.15,2.97,2.35,0.64,0.44,18.55,2.4
401,413,Ogun,3.975076,7.037102,1,674.1,152.44,173.46,5.56,0.95,0.1,8.82,3.2,2.23,0.46,0.32,15.03,3.8
402,414,Ogun,3.975503,7.036406,1,634.1,172.44,193.46,6,1.96,0.2,12.54,3.56,2.41,0.36,0.25,19.12,4
403,415,Ogun,3.976848,7.036403,1,594.1,212.44,193.46,5.78,0.6,0.06,10,2.86,2.79,0.22,0.19,16.06,2.9
404,416,Ogun,3.977703,7.036475,1,654.1,112.44,233.46,5.58,0.59,0.06,10.09,1.78,1.6,0.34,0.24,14.05,3.5
405,417,Ogun,3.978762,7.036957,1,654.1,152.44,193.46,5.81,0.84,0.08,15.58,2.4,1.2,0.3,0.21,19.69,3.5
406,418,Ogun,3.979593,7.036358,1,634.1,172.44,193.46,5.66,0.67,0.07,12.94,4.74,2.52,0.68,0.46,21.34,3
407,419,Ogun,3.979381,7.037193,1,574.1,232.44,193.46,5.75,0.65,0.06,12.64,6.94,2.75,0.42,0.29,23.04,6.4
408,420,Ogun,3.981075,7.037064,1,474.1,152.44,373.46,5.6,0.55,0.06,9.41,2.9,2.86,0.72,0.45,16.34,3
409,421,Ogun,3.981708,7.036193,1,514.1,212.44,273.46,5.85,0.77,0.08,10.19,3.9,2.87,0.34,0.24,17.54,7.2
410,422,Ogun,3.982181,7.035524,1,494.1,232.44,273.46,5.71,0.67,0.07,8.53,2.82,2.64,0.3,0.22,14.51,9.5
411,423,Ogun,3.982507,7.034499,1,474.1,72.44,453.46,5.48,0.56,0.06,7.74,3.2,2.6,0.48,0.33,14.36,4
412,424,Ogun,3.984408,7.034387,1,554.1,252.44,193.46,6.06,1.76,0.18,11.27,2.99,2.22,0.42,0.29,17.19,7.6
413,425,Ogun,3.983393,7.033351,1,474.1,172.44,353.46,5.91,0.86,0.09,10.98,3.04,2.18,0.34,0.23,16.77,6.7
414,426,Ogun,3.984194,7.033267,1,494.1,192.44,313.46,5.67,0.9,0.09,13.23,2.14,1.75,0.3,0.21,17.63,6.8
415,427,Ogun,3.985012,7.034606,1,474.1,152.44,373.46,5.51,0.71,0.07,12.54,3.36,2.53,0.32,0.22,18.97,5.6
416,428,Ogun,3.985742,7.035761,1,474.1,232.44,293.46,5.76,0.86,0.09,13.92,2.83,2.14,0.44,0.32,19.65,4
417,429,Ogun,3.987046,7.036821,1,574.1,212.44,213.46,5.76,0.83,0.08,10,2.75,1.65,0.44,0.34,15.18,5.9
418,430,Ogun,3.984432,7.02867,1,694.1,112.44,193.46,5.57,0.63,0.06,11.27,2.33,1.09,0.36,0.25,15.3,5.2
419,431,Ogun,3.984727,7.027659,1,654.1,132.44,213.46,5.49,0.65,0.07,9.41,2.39,1.22,0.6,0.43,14.05,4.7
420,432,Ogun,3.983999,7.026695,1,634.1,172.44,193.46,5.6,0.74,0.07,9.41,2.95,1.14,0.3,0.21,14.01,4.3
421,433,Ogun,3.984365,7.025711,1,674.1,152.44,173.46,5.58,0.63,0.06,10.29,2.58,1.45,0.36,0.26,14.94,4.6
422,434,Ogun,3.984798,7.024902,1,674.1,152.44,173.46,5.9,0.78,0.08,7.25,2.72,1.37,0.6,0.43,12.37,7.5
423,435,Ogun,3.984929,7.024009,1,771.4,83.8,144.8,6.02,1.66,0.17,11.56,3.76,2.87,0.44,0.32,18.95,2
424,436,Ogun,3.985597,7.024707,1,751.4,123.8,124.8,6.21,2.01,0.2,16.27,2.48,1.86,0.96,0.66,22.23,3.9
425,437,Ogun,3.985081,7.025958,1,691.4,143.8,164.8,5.44,0.51,0.05,11.76,2.24,1.92,0.48,0.35,16.75,3.6
426,438,Ogun,3.987469,7.020752,1,671.4,63.8,264.8,5.75,0.44,0.04,10.58,2.48,1.64,0.44,0.32,15.46,3
427,439,Ogun,3.986819,7.020175,1,791.4,43.8,164.8,5.48,0.5,0.05,12.15,1.62,1.24,1.18,0.74,16.93,1.2
428,440,Ogun,3.985794,7.020777,1,691.4,103.8,204.8,5.43,0.7,0.07,10.88,2.74,1.76,0.44,0.31,16.13,2.8
429,441,Ogun,3.986572,7.021119,1,711.4,163.8,124.8,5.5,0.74,0.07,10.49,2.58,1.55,0.48,0.34,15.44,5.1
430,442,Ogun,3.985657,7.02294,1,566,249.2,184.8,5.23,0.64,0.06,10.68,3.32,2.27,0.43,0.28,16.98,2.7
431,443,Ogun,3.986038,7.024994,1,666,169.2,164.8,5.76,0.78,0.08,10.29,2.9,1.93,0.36,0.26,15.74,5.7
432,444,Ogun,3.985637,7.0262,1,726,89.2,184.8,5.2,0.82,0.08,11.56,2.93,1.78,0.58,0.42,17.27,6.7
433,445,Ogun,3.985531,7.027174,1,466,169.2,364.8,6.22,1.48,0.15,14.21,4.36,2.17,0.7,0.46,21.9,3.2
434,446,Ogun,3.98545,7.028031,1,666,129.2,204.8,5.57,0.68,0.07,12.54,4.18,2.65,0.3,0.19,19.87,4.7
435,447,Ogun,3.985397,7.028841,1,726,109.2,164.8,5.44,0.62,0.06,13.23,3.64,2.64,0.38,0.27,20.16,5.7
436,448,Ogun,4.060897,6.942036,1,746,69.2,184.8,5.42,0.8,0.08,17.74,4.56,1.18,0.28,0.21,23.97,4.4
437,449,Ogun,4.059459,6.941439,1,666,129.2,204.8,5.38,0.77,0.08,16.17,6.22,1.74,0.46,0.34,24.93,1.7
438,450,Ogun,4.059458,6.940229,1,706,129.2,164.8,6.65,1.44,0.14,15.88,5.38,2.01,0.8,0.63,24.69,2.2
439,451,Ogun,4.058833,6.938386,1,666,149.2,184.8,7.14,2.25,0.23,14.01,1.59,1.17,0.8,0.59,18.16,3
440,452,Ogun,4.059684,6.937816,1,666,129.2,204.8,7.64,2.42,0.24,13.33,3.74,1.45,0.44,0.31,19.26,2.2
441,453,Ogun,4.058309,6.936937,1,771.4,103.8,124.8,6.33,1.26,0.13,12.15,7.84,1.66,0.24,0.19,22.08,1.5
442,454,Ogun,4.059546,6.936015,1,751.4,123.8,124.8,6.11,2.03,0.2,11.66,3.8,1.36,0.24,0.17,17.24,2.8
443,455,Ogun,4.058736,6.935045,1,791.4,103.8,104.8,6.43,1.47,0.15,12.35,3.74,1.18,0.28,0.22,17.77,2.2
444,456,Ogun,4.058853,6.93327,1,671.4,203.8,124.8,6.61,2,0.2,15.48,6.88,1.46,0.34,0.25,24.42,3.6
445,457,Ogun,4.058575,6.932926,1,731.4,103.8,164.8,6.11,1.26,0.13,11.66,5.96,1.64,0.46,0.35,20.07,4.4
446,458,Ogun,4.058624,6.931996,1,711.4,183.8,104.8,5.65,1.22,0.12,10.39,7.38,2.01,0.34,0.24,20.36,4
447,459,Ogun,4.059094,6.932273,1,691.4,163.8,144.8,6.99,1.83,0.18,13.62,3.22,0.93,0.48,0.34,18.59,5.3
448,460,Ogun,4.059992,6.933123,1,651.4,183.8,164.8,6.58,2.18,0.22,12.05,8.7,1.55,0.28,0.21,22.8,3.8
449,461,Ogun,4.060319,6.935473,1,691.4,163.8,144.8,7.53,1.87,0.19,11.56,6.12,1.76,0.24,0.21,19.89,4
450,462,Ogun,4.061565,6.937802,1,771.4,123.8,104.8,6.57,1.05,0.1,11.76,2.3,1.74,0.26,0.19,16.25,1.1
451,463,Ogun,4.062811,6.940131,1,691.4,143.8,164.8,6.99,2.46,0.25,11.47,9.54,1.38,0.46,0.34,23.19,3.9
452,464,Ogun,4.061836,6.938982,1,751.4,103.8,144.8,5.65,0.82,0.08,12.05,3.64,1.17,0.28,0.21,17.36,1.9
453,465,Ogun,4.059138,6.939557,1,691.4,143.8,164.8,6.05,2.01,0.2,12.94,4.6,1.55,0.08,0.09,19.25,3.5
454,466,Ogun,4.060797,6.937109,1,631.4,203.8,164.8,6.57,2.17,0.22,12.25,5.98,1.21,0.22,0.16,19.82,4.3
455,467,Ogun,4.06284,6.936068,1,691.4,143.8,164.8,6.25,1.92,0.19,23.42,4,1.55,0.42,0.31,29.71,2.2
456,468,Ogun,4.064128,6.937115,1,771.4,63.8,164.8,5.88,0.62,0.06,14.41,3.44,1.27,0.66,0.45,20.23,5.5
457,469,Ogun,4.066419,6.937433,1,791.4,43.8,164.8,5.21,0.83,0.08,11.27,4.11,2.02,0.52,0.39,18.31,4
458,470,Ogun,4.067535,6.936923,1,691.4,203.8,104.8,5.72,0.89,0.09,13.33,4.76,1.36,0.56,0.38,20.39,3.4
459,471,Ogun,4.072429,6.939009,1,791.4,63.8,144.8,5.23,0.76,0.08,12.84,4.58,1.02,0.36,0.21,19,1.6
460,472,Ogun,4.073503,6.939218,1,791.4,83.8,124.8,5.03,0.45,0.04,13.52,2.44,1.19,0.4,0.25,17.8,2.9
461,473,Ogun,4.074629,6.939353,1,771.4,63.8,164.8,5.08,0.61,0.06,13.13,3,1.17,0.3,0.19,17.8,3.7
462,474,Ogun,4.074629,6.940361,1,691.4,63.8,244.8,5.35,0.76,0.08,12.15,1.52,1.38,0.26,0.22,15.53,2.9
463,475,Ogun,4.074058,6.941949,1,671.4,163.8,164.8,5.42,0.62,0.06,22.15,4.28,1.2,0.32,0.29,28.24,1.7
464,476,Ogun,4.069537,6.944834,1,651.4,183.8,164.8,5.31,0.61,0.06,14.01,2.72,1.09,0.22,0.25,18.29,4.1
465,477,Ogun,4.069291,6.946099,1,691.4,143.8,164.8,5.48,0.83,0.08,6.27,3.92,1.02,0.24,0.14,11.59,5.6
466,478,Ogun,4.067746,6.947716,1,631.4,63.8,304.8,6.22,1.97,0.2,7.84,5.01,2.55,0.14,0.11,15.65,0.5
467,479,Ogun,4.065463,6.947114,1,691.4,203.8,104.8,5.45,0.94,0.09,12.25,3.52,1.11,0.18,0.14,17.2,2.4
468,480,Ogun,4.064681,6.947335,1,691.4,183.8,124.8,5.31,0.89,0.09,12.05,1.84,1.01,0.24,0.21,15.35,1.5
469,481,Ogun,3.078918,6.942328,1,751.4,123.8,124.8,5.35,0.68,0.07,15.88,3.62,1.45,0.16,0.15,21.26,1
470,482,Ogun,3.081687,6.943234,1,691.4,123.8,184.8,5.32,0.69,0.07,12.05,2.84,1.17,0.3,0.27,16.64,6.5
471,483,Ogun,3.085981,6.944857,1,591.4,43.8,364.8,6.47,2.16,0.22,10.58,2.58,1.17,0.2,0.24,14.77,4.8
472,484,Ogun,3.084657,6.942968,1,591.4,203.8,204.8,6.95,2.47,0.25,11.86,3.22,1.5,0.14,0.11,16.82,3.4
473,485,Ogun,3.082155,6.941881,1,691.4,123.8,184.8,7.44,1.7,0.17,12.64,6.21,3.02,0.08,0.21,22.16,8.9
474,486,Ogun,3.079761,6.94058,1,746,49.2,204.8,6.18,1.88,0.19,13.82,3.26,1.18,0.18,0.11,18.55,8.2
475,487,Ogun,3.078797,6.939592,1,726,129.2,144.8,6.01,1.55,0.16,12.35,2.98,1.55,0.1,0.09,17.06,8.8
476,488,Ogun,3.079967,6.938899,1,766,109.2,124.8,6.19,1.69,0.17,28.03,2.02,1.09,0.3,0.14,31.58,6.4
477,489,Ogun,3.082131,6.939535,1,666,209.2,124.8,6.92,1.96,0.2,13.82,2.04,1.38,0.24,0.19,17.67,1.2
478,490,Ogun,3.084298,6.941264,1,726,69.2,204.8,6.03,1.55,0.16,13.52,2.76,1,0.12,0.11,17.51,6.2
479,491,Ogun,3.0864,6.940509,1,766,89.2,144.8,6.08,1.46,0.15,19.11,2.92,0.81,0.32,0.21,23.37,4.2
480,492,Ogun,3.079616,6.937518,1,746,89.2,164.8,6.83,2.15,0.21,14.5,3.2,0.63,0.3,0.23,18.86,6.2
481,493,Ogun,3.079252,6.935612,1,706,189.2,104.8,5.96,0.97,0.1,16.56,1.91,1.64,0.18,0.16,20.45,4.2
482,494,Ogun,3.078997,6.934234,1,746,69.2,184.8,7.1,2.56,0.26,15.97,4,0.83,0.14,0.12,21.07,4.1
483,495,Ogun,3.084795,6.93022,1,726,109.2,164.8,6.89,1.71,0.17,41.06,2.02,0.9,0.14,0.13,44.25,9.4
484,496,Ogun,3.085227,6.932335,1,766,89.2,144.8,6.88,2.64,0.26,13.52,2.24,1.02,0.3,0.24,17.32,13.3
485,497,Ogun,3.085776,6.932897,1,746,69.2,184.8,4.99,0.64,0.06,13.03,1.03,0.8,0.36,0.32,15.55,3.3
486,498,Ogun,3.084634,6.934332,1,726,69.2,204.8,5.89,0.78,0.08,13.23,1.88,0.99,0.18,0.15,16.43,4
487,499,Ogun,3.083623,6.933496,1,706,109.2,184.8,5.98,0.97,0.1,14.5,2.84,1.02,0.36,0.31,19.03,6.1
488,500,Ogun,3.082375,6.931279,1,746,129.2,124.8,5.9,0.78,0.08,17.84,1.88,1.54,0.36,0.28,21.9,5.2
489,501,Ogun,3.073746,6.938563,1,766,69.2,164.8,6.33,2.1,0.21,16.37,1.24,1.18,0.2,0.21,19.2,3
490,502,Ogun,3.075927,6.939632,1,666,149.2,184.8,5.06,0.83,0.08,13.33,2.22,1.02,0.18,0.15,16.89,1.3
491,503,Ogun,3.077427,6.938424,1,746,89.2,164.8,6.04,1.67,0.17,15.09,1.94,0.76,0.16,0.14,18.09,1.3
492,504,Ogun,3.076369,6.937316,1,726,69.2,204.8,4.97,0.62,0.06,15.97,1.66,0.56,0.26,0.21,18.67,2.6
493,505,Ogun,3.076954,6.934247,1,706,149.2,144.8,4.76,0.8,0.08,13.23,0.86,0.72,0.3,0.19,15.3,6.3
494,506,Ogun,2.91609,7.436624,1,766,109.2,124.8,5.07,0.78,0.08,13.13,1.86,1.37,0.22,0.24,16.82,2.8
495,507,Ogun,2.917461,7.433768,1,706,129.2,164.8,5.36,0.61,0.06,22.34,2.06,0.99,0.2,0.19,25.79,4.7
496,508,Ogun,2.920771,7.431113,1,766,69.2,164.8,5.45,0.72,0.07,13.92,1.2,1.18,0.22,0.21,16.73,3.6
497,509,Ogun,2.919961,7.428213,1,746,49.2,204.8,5.31,0.56,0.06,15.97,1.86,1.03,0.2,0.19,19.26,4.8
498,510,Ogun,2.92226,7.428618,1,706,149.2,144.8,5.51,0.52,0.05,13.33,1.76,1.28,0.3,0.16,16.83,1.8
499,511,Ogun,2.917186,7.429985,1,666,109.2,224.8,6.3,1.64,0.16,17.93,1.88,1.78,0.28,0.27,22.14,1.4
500,512,Ogun,2.914566,7.431826,1,706,89.2,204.8,4.43,0.38,0.04,14.6,1.92,1.42,0.22,0.24,18.4,0.7
501,513,Ogun,2.911502,7.431111,1,666,149.2,184.8,4.44,0.45,0.05,13.52,2.92,0.81,0.12,0.11,17.48,0.6
502,514,Ogun,2.913235,7.429281,1,731.4,69.2,199.4,6.01,2.2,0.22,15.19,2.87,2.35,0.06,0.12,20.59,1.2
503,515,Ogun,2.91299,7.428138,1,811.4,49.2,139.4,6.22,2.18,0.22,24.79,2.96,2.79,0.12,0.09,30.76,1.7
504,516,Ogun,2.91319,7.426456,1,771.4,109.2,119.4,6.04,2.24,0.22,16.17,2.32,1.85,0.1,0.12,20.56,1.2
505,517,Ogun,2.909523,7.425767,1,671.4,129.2,199.4,5.9,0.64,0.06,13.52,5.16,1.31,0.14,0.11,20.25,0.9
506,518,Ogun,2.909925,7.428118,1,711.4,149.2,139.4,5.74,0.87,0.09,13.23,5.44,1.28,0.78,0.65,21.38,0.4
507,519,Ogun,2.911564,7.42748,1,671.4,129.2,199.4,6.37,2.1,0.21,11.86,3,0.72,0.24,0.21,16.03,0
508,520,Ogun,2.910396,7.430194,1,691.4,129.2,179.4,5.79,0.88,0.09,11.96,3.06,1.83,0.1,0.09,17.04,0.6
509,521,Ogun,2.90762,7.429177,1,711.4,109.2,179.4,6.01,2.1,0.21,12.05,2.36,1.36,0.14,0.11,16.03,0.6
510,522,Ogun,2.90701,7.427305,1,771.4,109.2,119.4,6.03,1.66,0.17,14.11,3.82,3.39,0.16,0.16,21.64,1
511,523,Ogun,2.907359,7.425575,1,671.4,109.2,219.4,6.04,1.33,0.13,11.66,1.54,0.84,0.2,0.19,14.43,0.5
512,524,Ogun,2.90555,7.42522,1,671.4,129.2,199.4,5.92,0.72,0.07,14.6,6.52,2.24,0.16,0.14,23.66,0.5
513,525,Ogun,2.905238,7.427177,1,731.4,89.2,179.4,6.55,2.24,0.22,22.34,2.84,1.55,0.14,0.11,26.98,4.4
514,526,Ogun,2.904925,7.429134,1,671.4,209.2,119.4,5.94,0.88,0.09,15.39,5.5,2.52,0.3,0.18,23.89,0.8
515,527,Ogun,2.903762,7.42763,1,791.4,49.2,159.4,6.19,1.95,0.2,14.5,6.88,1.51,0.24,0.19,23.33,1.3
516,528,Ogun,2.903763,7.425642,1,711.4,109.2,179.4,6.13,1.66,0.17,16.27,4.18,1.98,0.22,0.21,22.85,1
517,529,Ogun,2.901662,7.425375,1,671.4,169.2,159.4,6.09,1.34,0.13,19.01,8.18,2.29,0.26,0.18,29.92,1.6
518,530,Ogun,2.902597,7.426756,1,671.4,149.2,179.4,6.21,2.03,0.2,17.84,6.46,2.28,0.2,0.17,26.95,0.4
519,531,Ogun,2.899548,7.404008,1,751.4,109.2,139.4,6.45,1.55,0.15,14.5,6.34,2.14,0.18,0.21,23.37,1.1
520,532,Ogun,2.898542,7.402123,1,811.4,29.2,159.4,6.52,1.68,0.17,15.97,4.21,2.08,0.32,0.29,22.88,1.2
521,533,Ogun,2.895815,7.399179,1,751.4,49.2,199.4,6.4,2.34,0.23,14.6,3.34,3.54,0.3,0.22,22,0.7
522,534,Ogun,2.89232,7.402143,1,791.4,49.2,159.4,6.49,2.22,0.22,15.19,4.12,2.99,0.16,0.13,22.59,0.5
523,535,Ogun,2.892776,7.405362,1,771.4,29.2,199.4,6.39,2.18,0.22,25.48,4.76,3.3,0.1,0.09,33.73,0.1
524,536,Ogun,2.894447,7.406327,1,771.4,69.2,159.4,6.43,2.59,0.26,16.86,4.23,3.6,0.08,0.1,24.86,1.2
525,537,Ogun,2.895385,7.40758,1,731.4,49.2,219.4,6.33,2.15,0.21,20.29,3.38,2.96,0.12,0.11,26.85,1.3
526,538,Ogun,2.895027,7.397033,1,731.4,69.2,199.4,6.54,2.4,0.24,13.62,3.92,1.91,0.1,0.09,19.64,1.2
527,539,Ogun,2.898215,7.398739,1,671.4,169.2,159.4,6.23,2.15,0.21,12.15,4.22,3.74,0.12,0.12,20.35,0.8
528,540,Ogun,2.89629,7.401753,1,771.4,49.2,179.4,6.58,2.34,0.23,18.13,3.12,2.02,0.2,0.17,23.64,0.5
529,541,Ogun,2.896649,7.403588,1,751.4,89.2,159.4,6.46,1.85,0.19,15.09,4.1,3.14,0.12,0.11,22.56,0.7
530,542,Ogun,2.897867,7.405065,1,791.4,9.2,199.4,6.54,2.42,0.24,12.45,4.48,3.94,0.06,0.05,20.98,2
531,543,Ogun,2.892063,7.409166,1,751.4,49.2,199.4,5.76,2.25,0.23,15.09,3.34,2.76,0.1,0.07,21.36,0.6
532,544,Ogun,2.884819,7.414132,1,791.4,29.2,179.4,5.41,0.61,0.06,11.56,3.74,1.75,0.1,0.09,17.25,0.5
533,545,Ogun,2.884356,7.411777,1,791.4,49.2,159.4,5.54,0.59,0.06,12.54,2.84,2.79,0.22,0.14,18.53,0.3
534,546,Ogun,2.885344,7.409641,1,771.4,49.2,179.4,5.68,0.61,0.06,14.9,4.22,3.26,0.1,0.12,22.6,1
535,547,Ogun,2.889499,7.410206,1,711.4,89.2,199.4,5.49,0.57,0.06,10.58,4.1,3.93,0.18,0.21,19.01,1.7
536,548,Ogun,2.890325,7.406337,1,771.4,29.2,199.4,5.41,0.63,0.06,11.86,3.32,3.1,0.58,0.49,19.35,0.7
537,549,Ogun,2.891806,7.405321,1,771.4,9.2,219.4,5.49,0.87,0.09,11.27,3.72,3.35,0.26,0.21,18.81,0.9
538,550,Ogun,2.890896,7.404202,1,671.4,109.2,219.4,5.46,0.72,0.07,13.13,4.12,2.86,0.22,0.16,20.49,0.9
539,551,Ogun,2.891378,7.407119,1,751.4,69.2,179.4,5.42,0.57,0.06,12.54,3.72,0.83,0.28,0.22,17.59,0.2
540,552,Ogun,2.892421,7.40725,1,671.4,129.2,199.4,5.47,0.78,0.08,14.9,2.94,0.92,0.3,0.21,19.26,0.8
541,553,Ogun,2.890546,7.410621,1,751.4,49.2,199.4,5.16,0.53,0.05,10.58,1.4,0.87,0.18,0.16,13.19,2.7
542,554,Ogun,2.887818,7.412435,1,756.8,69.2,174,5.21,0.74,0.07,11.86,1.7,0.85,0.24,0.15,14.8,0.5
543,555,Ogun,2.886007,7.41401,1,776.8,89.2,134,5.22,0.67,0.07,11.27,5.62,3.91,0.18,0.21,21.19,0.5
544,556,Ogun,2.841934,6.7869,1,796.8,49.2,154,5.85,0.81,0.08,13.13,4.34,1.89,0.18,0.19,19.73,1.2
545,557,Ogun,2.839555,6.786071,1,796.8,69.2,134,5.2,0.63,0.06,9.6,1.52,0.83,0.16,0.21,12.33,0.6
546,558,Ogun,2.84118,6.787633,1,776.8,89.2,134,4.97,0.56,0.06,10.29,3.18,1.36,0.18,0.17,15.18,0.4
547,559,Ogun,2.839412,6.787179,1,776.8,69.2,154,5.03,0.48,0.05,9.41,2.42,1.5,0.2,0.14,13.67,8.5
548,560,Ogun,2.838393,6.788228,1,796.8,49.2,154,5.17,0.43,0.04,8.62,1.82,1.91,0.22,0.19,12.76,1
549,561,Ogun,2.893013,6.804706,1,796.8,9.2,194,5.01,0.56,0.06,7.74,4.04,1.91,0.26,0.22,14.17,1.1
550,562,Oyo,3.722806,7.374662,1,726,158.4,115.6,6.16,2.46,0.17,4.91,0.87,2.41,0.29,0.59,4.29,1.4
551,563,Oyo,3.717373,7.370563,1,806,198.4,115.6,5.51,1.65,0.14,6.25,0.89,2.43,0.25,0.75,4.43,1.5
552,564,Oyo,3.717981,7.371631,1,806,118.4,75.6,7.21,1.28,0.13,8.04,0.97,2.62,0.41,0.46,4.59,1.5
553,565,Oyo,3.717118,7.373608,1,826,98.4,75.6,6.41,2.29,0.12,6.25,0.99,2.47,0.39,0.55,4.45,1.2
554,566,Oyo,3.717718,7.377205,1,726,158.4,115.6,6.31,1.38,0.11,7.14,0.82,2.37,0.47,0.52,4.27,1.2
555,567,Oyo,3.717767,7.378564,1,806,98.4,95.6,6.25,1.16,0.09,6.69,0.72,2.48,0.39,0.49,4.17,1.1
556,568,Oyo,3.814776,7.473592,1,746,138.4,115.6,5.84,0.84,0.07,10.27,0.72,2.19,0.45,0.68,4.15,1.1
557,569,Oyo,3.815544,7.47545,1,746,138.4,115.6,5.96,0.89,0.07,11.16,0.63,2.23,0.35,0.52,3.85,2.1
558,570,Oyo,3.81628,7.475674,1,746,158.4,95.6,5.99,1.29,0.16,33.93,0.67,2.38,0.39,0.49,4.04,7.9
559,571,Oyo,3.816438,7.474936,1,766,118.4,115.6,5.81,0.81,0.07,8.48,0.67,2.43,0.35,0.42,3.98,3.9
560,572,Oyo,3.817026,7.474094,1,726,178.4,95.6,6.72,1.16,0.11,32.15,0.69,2.39,0.67,0.52,4.39,7.2
561,573,Oyo,3.816992,7.486718,1,466,418.4,115.6,6.64,0.71,0.07,5.36,0.56,2.47,0.39,0.65,4.14,1.1
562,574,Oyo,3.818434,7.486294,1,666,198.4,135.6,4.91,0.61,0.07,10.27,0.78,2.76,0.37,0.42,4.92,1.2
563,575,Oyo,3.81931,7.484596,1,646,258.4,95.6,5.23,0.71,0.07,5.36,0.94,2.48,0.29,0.49,4.35,0.8
564,576,Oyo,3.743024,7.589802,1,746,158.4,95.6,6.78,2.25,0.29,8.04,0.86,2.41,0.65,0.67,4.66,3.7
565,577,Oyo,3.744162,7.590856,1,606,238.4,155.6,6.69,1.56,0.17,7.14,0.47,2.53,0.61,0.52,4.21,2.6
566,578,Oyo,3.745186,7.591478,1,615.2,289.2,95.6,6.71,2.31,0.2,18.31,0.87,2.55,0.8,0.78,5.07,3.1
567,579,Oyo,3.742432,7.590494,1,715.2,149.2,135.6,6.45,1.28,0.13,4.91,0.83,2.57,0.61,0.52,4.62,1.9
568,580,Oyo,3.742708,7.591224,1,615,269.2,115.6,6.08,1.46,0.13,4.91,0.85,2.24,0.47,0.49,4.16,1.5
569,581,Oyo,3.743028,7.592232,1,635.2,209.2,155.6,7.21,1.36,0.16,12.06,0.41,2.42,0.53,0.42,3.83,1.8
570,582,Oyo,3.670884,7.589734,1,675.2,209.2,115.6,6.68,1.28,0.16,10.27,0.41,2.47,0.41,0.49,3.86,1.6
571,583,Oyo,3.671899,7.5887,1,675.2,209.2,115.6,6.67,0.93,0.07,3.57,0.86,2.52,0.31,0.36,4.13,0.7
572,584,Oyo,3.673102,7.668551,1,715.2,149.2,135.6,6.26,1.04,0.12,5.36,0.87,2.47,0.43,0.36,4.24,1.2
573,585,Oyo,3.675543,7.586971,1,715.2,169.2,115.6,6.92,1.16,0.06,3.57,0.88,2.45,0.53,0.42,4.34,1.4
574,586,Oyo,3.672168,7.59136,1,615.2,269.2,115.6,6.31,1.28,0.12,3.57,0.86,2.51,0.33,0.52,4.31,1.1
575,587,Oyo,3.671918,7.58971,1,775.2,109.2,115.6,6.26,0.66,0.08,4.91,0.87,2.43,0.35,0.33,4.09,0.9
576,588,Oyo,3.673858,7.589196,1,655.2,189.2,155.6,6.71,1.26,0.11,4.91,0.83,2.41,0.39,0.33,4.03,1.1
577,589,Oyo,3.676748,7.587446,1,795.3,49.2,155.6,6.18,1.12,0.12,4.02,0.85,2.46,0.41,0.52,4.35,1.1
578,590,Oyo,3.584204,7.494632,1,615.2,289.2,95.6,6.43,2.26,0.12,3.57,0.79,2.49,0.47,0.46,4.29,0.7
579,591,Oyo,3.58283,7.495654,1,615.2,289.2,95.6,6.08,0.91,0.12,4.91,0.67,2.39,0.41,0.49,4.07,0.8
580,592,Oyo,3.588722,7.495352,1,575.2,329.2,95.6,6.97,4.01,0.17,6.69,0.65,2.47,0.61,0.52,4.31,1.2
581,593,Oyo,3.5891,7.494654,1,655.2,249.2,95.6,6.77,5.15,0.18,3.57,0.91,2.41,0.61,0.59,4.59,0.9
582,594,Oyo,3.583723,7.494013,1,495.2,389.2,115.6,6.82,2.82,0.3,4.91,0.73,2.38,0.82,1.27,4.27,2.3
583,595,Oyo,3.581827,7.495195,1,655.2,369.2,75.6,6.63,2.64,0.15,4.02,0.55,2.38,0.37,1.14,4.52,1.4
584,596,Oyo,3.581256,7.495921,1,695.2,209.2,75.6,6.72,2.33,0.14,4.02,0.64,2.52,0.27,0.39,3.89,1.2
585,597,Oyo,3.586321,7.494817,1,615.2,289.2,115.6,6.86,4.83,0.17,2.23,0.95,2.55,0.71,1.21,5.49,1.7
586,598,Oyo,3.586924,7.493852,1,595.2,309.2,95.6,6.99,2.82,0.3,2.68,0.91,2.61,1.1,1.34,6.02,2.2
587,599,Oyo,3.72569,7.90621,1,695.2,218.4,86.4,7.24,0.66,0.044,1.49,0.00745,2.128712871,0.461512027,0.502173913,4.589848812,4.2
588,600,Oyo,3.72569,7.90621,2,675.2,218.4,106.4,7.01,0.41,0.033,5.49,0.02745,2.136963696,0.217182131,0,7.871595827,1.3
589,601,Oyo,3.72395,7.90704,1,695.2,178.4,126.4,7.11,0.18,0.038,5.49,0.02745,2.120462046,0.190034364,0.468695652,8.296642063,0.5
590,602,Oyo,3.72395,7.90704,2,675.2,198.4,126.4,7.22,0.16,0.036,5.49,0.02745,2.235973597,0.488659794,0.502173913,8.744257304,0.4
591,603,Oyo,3.72527,7.90708,1,695.2,178.4,126.4,7.01,0.11,0.076,5.49,0.02745,2.161716172,0.81443299,0.502173913,8.995773074,0.5
592,604,Oyo,3.72527,7.90708,2,695.2,198.4,106.4,6.88,0.21,0.053,5.49,0.02745,2.128712871,0.760137457,0.468695652,8.874995981,0.3
593,605,Oyo,3.72374,7.90148,1,775.2,118.4,106.4,6.86,0.46,0.055,5.49,0.02745,2.186468647,0.570103093,0.602608696,8.876630435,0.5
594,606,Oyo,3.72374,7.90148,2,735.2,158.4,106.4,6.62,0.34,0.031,5.49,0.02745,2.161716172,0.380068729,0.569130435,8.628365335,0.3
595,607,Oyo,3.72514,7.90039,1,775.2,138.4,86.4,7.02,0.52,0.018,5.49,0.02745,2.285478548,0.380068729,0.502173913,8.685171189,0.5
596,608,Oyo,3.72514,7.90039,2,735.2,158.4,106.4,6.95,0.32,0.06,5.49,0.02745,2.235973597,0.352920962,0.535652174,8.641996733,0.3
597,609,Oyo,3.41514,7.81439,1,675.2,238.4,86.4,6.45,1.22,0.033,5.49,0.02745,2.235973597,0.407216495,0.636086957,8.796727049,0.7
598,610,Oyo,3.41514,7.81439,2,695.2,198.4,106.4,6.27,0.96,0.047,5.49,0.02745,2.145214521,0.380068729,0.569130435,8.611863685,0.4
599,611,Oyo,3.41537,7.8162,1,775.2,138.4,86.4,6.31,1.04,0.057,5.49,0.02745,2.219471947,0.542955326,0.703043478,8.982920752,0.6
600,612,Oyo,3.41537,7.8162,2,735.2,158.4,106.4,7.28,0.93,0.046,5.49,0.02745,2.211221122,0.461512027,0.535652174,8.725835324,0.5
601,613,Oyo,3.41737,7.81972,1,815.2,98.4,86.4,7.31,0.49,0.069,5.49,0.02745,2.128712871,0.407216495,0.569130435,8.622509801,0.5
602,614,Oyo,3.41737,7.81972,2,815.2,98.4,86.4,7.31,0.73,0.034,5.49,0.02745,2.169966997,0.29862543,0.502173913,8.488216339,0.4
603,615,Oyo,3.6594,8.1702,1,655.2,258.4,86.4,7.75,1.04,0.045,5.49,0.02745,2.252475248,0.651546392,0.602608696,9.024080335,0.8
604,616,Oyo,3.6594,8.1702,2,655.2,218.4,126.4,7.67,0.87,0.071,5.49,0.02745,2.128712871,0.570103093,0.569130435,8.785396399,0.6
605,617,Oyo,3.66101,8.16828,1,715.2,178.4,106.4,7.38,0.57,0.036,5.49,0.02745,2.219471947,0.217182131,0.468695652,8.42279973,0.6
606,618,Oyo,3.66101,8.16828,2,755.2,158.4,86.4,7.18,0.66,0.017,5.49,0.02745,2.219471947,0.244329897,0.468695652,8.449947496,0.3
607,619,Oyo,3.6611,8.16595,1,595.2,318.4,86.4,7.03,1.28,0.07,5.49,0.02745,2.244224422,0.407216495,0.602608696,8.771499613,0.8
608,620,Oyo,3.6611,8.16595,2,655.2,238.4,106.4,6.98,1.11,0.09,5.49,0.02745,2.285478548,0.244329897,0.502173913,8.549432358,0.5
609,621,Oyo,3.65991,8.16499,1,675.2,218.4,106.4,7.76,1.23,0.042,5.49,0.02745,2.128712871,0.325773196,0.502173913,8.47410998,0.7
610,622,Oyo,3.65991,8.16499,2,715.2,178.4,106.4,8.12,1.16,0.06,5.49,0.02745,2.145214521,0.271477663,0.502173913,8.436316098,0.7
611,623,Oyo,3.65935,8.17141,1,595.2,298.4,106.4,8.41,1.13,0.042,5.49,0.02745,2.211221122,0.488659794,0.569130435,8.786461351,1.7
612,624,Oyo,3.65935,8.17141,2,615.2,278.4,106.4,8.18,0.76,0.015,5.49,0.02745,2.136963696,0.461512027,0.569130435,8.685056159,1.1
613,625,Oyo,3.52542,8.06762,1,815.2,78.4,106.4,6.93,0.67,0.065,5.49,0.02745,2.186468647,0.244329897,0.468695652,8.416944196,0.5
614,626,Oyo,3.52542,8.06762,2,775.2,138.4,86.4,6.76,0.42,0.048,5.49,0.02745,2.120462046,0.29862543,0.502173913,8.438711389,0.3
615,627,Oyo,3.52728,8.0677,1,775.2,118.4,106.4,6.91,0.89,0.068,5.49,0.02745,2.211221122,0.352920962,0.535652174,8.617244258,0.4
616,628,Oyo,3.52728,8.0677,2,755.2,138.4,106.4,6.85,0.32,0.032,5.49,0.02745,2.161716172,0.29862543,0.468695652,8.446487253,0.2
617,629,Oyo,3.53248,8.06735,1,775.2,118.4,106.4,6.45,1.31,0.054,5.49,0.02745,2.244224422,0.407216495,0.569130435,8.738021352,0.7
618,630,Oyo,3.53248,8.06735,2,695.2,178.4,126.4,6.68,0.42,0.242,5.49,0.02745,2.169966997,0.325773196,0.535652174,8.548842366,0.4
619,631,Oyo,3.53375,8.06948,1,695.2,218.4,86.4,6.81,0.93,0.082,5.49,0.02745,2.178217822,0.597250859,0.569130435,8.862049116,1.2
620,632,Oyo,3.53375,8.06948,2,775.2,118.4,106.4,6.85,0.47,0.058,5.49,0.02745,2.161716172,0.542955326,0.535652174,8.757773672,0.7
621,633,Oyo,3.7155,7.80627,1,755.2,118.4,126.4,7.61,0.96,0.044,5.49,0.02745,2.186468647,0.461512027,0.535652174,8.701082848,1.6
622,634,Oyo,3.7155,7.80627,2,735.2,158.4,106.4,7.75,0.39,0.048,5.49,0.02745,2.161716172,0.488659794,0.569130435,8.7369564,1.3
623,635,Oyo,3.71597,7.80406,1,695.2,198.4,106.4,7.25,0.89,0.057,5.49,0.02745,2.186468647,0.325773196,0.535652174,8.565344017,0.6
624,636,Oyo,3.71597,7.80406,2,735.2,178.4,86.4,7.18,0.74,0.04,5.49,0.02745,2.186468647,0.352920962,0.502173913,8.559013522,0.3
625,637,Oyo,3.71436,7.80624,1,695.2,218.4,86.4,7.55,0.62,0.037,5.49,0.02745,2.178217822,0.217182131,0.502173913,8.415023865,4.2
626,638,Oyo,3.71436,7.80624,2,735.2,158.4,106.4,7.74,0.64,0.03,5.49,0.02745,2.252475248,0.29862543,0.535652174,8.604202851,3.7
627,639,Oyo,3.56696,7.87245,1,715.2,198.4,86.4,6.81,0.99,0.041,5.49,0.02745,2.285478548,0.461512027,0.669565217,8.934005793,1.01
628,640,Oyo,3.56696,7.87245,2,735.2,178.4,86.4,7.13,0.98,0.043,5.49,0.02745,2.318481848,0.380068729,0.602608696,8.818609272,1.3
629,641,Oyo,3.56647,7.87106,1,755.2,138.4,106.4,7.12,0.36,0.069,5.49,0.02745,2.367986799,0.325773196,0.569130435,8.780340429,0.6
630,642,Oyo,3.56647,7.87106,2,755.2,158.4,86.4,7.25,0.41,0.06,5.49,0.02745,2.318481848,0.732989691,0.669565217,9.238486756,0.4
631,643,Oyo,3.60315,7.7758,1,575.2,298.4,126.4,6.44,1.18,0.041,5.49,0.02745,2.326732673,0.190034364,0.736521739,8.770738777,1.7
632,644,Oyo,3.60315,7.7758,2,575.2,278.4,146.4,6.71,0.64,0.049,5.49,0.02745,2.219471947,0.190034364,0.77,8.696956311,1.1
633,645,Oyo,3.56173,7.87281,1,635.2,238.4,126.4,6.36,2.07,0.042,5.49,0.02745,2.268976898,0.461512027,0.836956522,9.084895447,2.7
634,646,Oyo,3.56173,7.87281,2,595.2,218.4,186.4,6.28,1.31,0.129,5.49,0.02745,2.153465347,0.29862543,0.870434783,8.839975559,1.6
635,647,Oyo,3.72591,7.90139,1,515.2,378.4,106.4,6.43,1.98,0.043,5.49,0.02745,2.260726073,0.352920962,0.937391304,9.068488339,3.1
636,648,Oyo,3.72591,7.90139,2,595.2,278.4,126.4,6.61,1.44,0.068,5.49,0.02745,2.095709571,0.29862543,0.937391304,8.849176305,1.7
637,649,Oyo,3.41684,7.81609,1,755.2,138.4,106.4,6.88,0.39,0.036,5.49,0.02745,2.136963696,0.217182131,0.669565217,8.541161044,0.9
638,650,Oyo,3.41684,7.81609,2,775.2,138.4,86.4,6.48,2.22,0.038,5.49,0.02745,2.186468647,0.407216495,0.836956522,8.948091663,1.1
639,651,Oyo,3.41776,7.81838,1,815.2,98.4,86.4,7.13,0.37,0.075,5.49,0.02745,2.103960396,0.325773196,0.602608696,8.549792288,0.3
640,652,Oyo,3.41776,7.81838,2,815.2,78.4,106.4,7.11,0.22,0.012,5.49,0.02745,2.235973597,0.29862543,0.569130435,8.621179462,0.3
641,653,Oyo,3.41983,7.81903,1,855.2,58.4,86.4,6.97,0.17,0.039,5.49,0.02745,2.186468647,0.271477663,0.535652174,8.511048484,0.2
642,654,Oyo,3.41983,7.81903,2,815.2,98.4,86.4,6.92,0.19,0.098,5.49,0.02745,2.252475248,0.271477663,0.569130435,8.610533346,0.2
643,655,Oyo,3.65789,8.173,1,795.2,118.4,86.4,6.91,0.59,0.063,5.49,0.02745,2.194719472,0.271477663,0.535652174,8.519299309,0.2
644,656,Oyo,3.65789,8.173,2,795.2,118.4,86.4,6.69,0.49,0.013,5.49,0.02745,2.202970297,0.244329897,0.569130435,8.533880629,0.2
645,657,Oyo,3.65811,8.17527,1,675.2,218.4,106.4,7.29,1.23,0.107,5.49,0.02745,2.161716172,0.51580756,0.636086957,8.831060688,0.7
646,658,Oyo,3.65811,8.17527,2,675.2,218.4,106.4,7.07,0.64,0.059,5.49,0.02745,2.128712871,0.488659794,0.636086957,8.770909622,0.6
647,659,Oyo,3.65963,8.17655,1,615.2,278.4,106.4,7.55,2.1,0.076,5.49,0.02745,2.145214521,0.51580756,0.669565217,8.848037299,0.6
648,660,Oyo,3.65963,8.17655,2,675.2,218.4,106.4,7.93,1.03,0.084,5.49,0.02745,2.128712871,0.352920962,0.602608696,8.601692529,0.6
649,661,Oyo,3.66039,8.17395,1,675.2,238.4,86.4,7.45,1.41,0.035,5.49,0.02745,2.227722772,0.380068729,0.569130435,8.694371936,0.2
650,662,Oyo,3.66039,8.17395,2,675.2,218.4,106.4,7.75,0.66,0.067,5.49,0.02745,2.136963696,0.325773196,0.569130435,8.549317327,0.3
651,663,Oyo,3.65998,8.17222,1,675.2,198.4,126.4,7.61,0.86,0.043,5.49,0.02745,2.112211221,0.407216495,0.602608696,8.639486412,0.3
652,664,Oyo,3.65998,8.17222,2,675.2,198.4,126.4,7.46,1.07,0.054,5.49,0.02745,2.128712871,0.352920962,0.569130435,8.568214268,0.5
653,665,Oyo,3.52513,8.06542,1,635.2,258.4,106.4,7.48,0.91,0.04,5.49,0.02745,2.178217822,0.325773196,0.602608696,8.624049713,0.8
654,666,Oyo,3.52513,8.06542,2,675.2,238.4,86.4,7.31,0.98,0.036,5.49,0.02745,2.285478548,0.271477663,0.569130435,8.643536646,0.4
655,667,Oyo,3.52734,8.06578,1,755.2,158.4,86.4,6.79,0.55,0.08,5.49,0.02745,2.219471947,0.217182131,0.502173913,8.456277991,0.4
656,668,Oyo,3.52734,8.06578,2,795.2,98.4,106.4,6.79,0.73,0.059,5.49,0.02745,2.128712871,0.244329897,0.502173913,8.392666681,0.3
657,669,Oyo,3.53096,8.06538,1,795.2,118.4,86.4,6.64,0.66,0.091,5.49,0.02745,2.252475248,0.244329897,0.636086957,8.650342101,0.2
658,670,Oyo,3.53096,8.06538,2,775.2,138.4,86.4,6.49,0.77,0.051,5.49,0.02745,2.103960396,0.325773196,0.636086957,8.583270548,0.2
659,671,Oyo,3.53261,8.06673,1,775.2,118.4,106.4,7.09,0.74,0.075,5.49,0.02745,2.128712871,0.407216495,0.502173913,8.555553279,0.3
660,672,Oyo,3.53261,8.06673,2,815.2,98.4,86.4,6.84,0.54,0.051,5.49,0.02745,2.120462046,0.461512027,0.602608696,8.702032769,0.8
661,673,Oyo,3.71238,7.80419,1,695.2,198.4,106.4,6.81,0.66,0.089,5.49,0.02745,2.128712871,0.51580756,0.535652174,8.697622605,1.6
662,674,Oyo,3.71238,7.80419,2,755.2,118.4,126.4,6.84,0.72,0.04,5.49,0.02745,2.054455446,0.51580756,0.569130435,8.65684344,0.7
663,675,Oyo,3.71156,7.8027,1,675.2,218.4,106.4,7.23,1.54,0.08,5.49,0.02745,2.103960396,0.244329897,0.435217391,8.300957684,0.4
664,676,Oyo,3.71156,7.8027,2,695.2,198.4,106.4,7.21,0.51,0.044,5.49,0.02745,2.103960396,0.217182131,0.468695652,8.307288179,0.4
665,677,Oyo,3.71372,7.8032,1,655.2,238.4,106.4,7.25,0.66,0.072,5.49,0.02745,2.145214521,0.271477663,0.502173913,8.436316098,0.3
666,678,Oyo,3.71372,7.8032,2,735.2,158.4,106.4,7.01,1.19,0.062,5.49,0.02745,2.136963696,0.217182131,0.468695652,8.340291479,0.3
667,679,Oyo,3.726,7.90759,1,675.2,238.4,86.4,7.23,0.55,0.038,5.49,0.02745,2.095709571,0.217182131,0.435217391,8.265559093,3.4
668,680,Oyo,3.726,7.90759,2,755.2,158.4,86.4,7.11,0.42,0.041,5.49,0.02745,2.219471947,0.271477663,0.502173913,8.510573523,1.6
669,681,Oyo,3.72676,7.90907,1,755.2,158.4,86.4,7.28,0.33,0.068,5.49,0.02745,2.136963696,0.488659794,0.569130435,8.712203925,0.7
670,682,Oyo,3.72676,7.90907,2,635.2,278.4,86.4,7.27,1.04,0.04,5.49,0.02745,2.178217822,0.434364261,0.602608696,8.732640779,0.4
671,683,Oyo,3.72359,7.90896,1,695.2,198.4,106.4,7.39,0.95,0.074,5.49,0.02745,2.153465347,0.380068729,0.569130435,8.62011451,0.8
672,684,Oyo,3.72359,7.90896,2,735.2,178.4,86.4,7.58,0.48,0.145,5.49,0.02745,2.070957096,0.352920962,0.535652174,8.476980232,0.2
673,685,Oyo,3.72591,7.90139,1,675.2,218.4,106.4,7.06,0.55,0.04,5.49,0.02745,2.087458746,0.407216495,0.502173913,8.514299154,0.3
674,686,Oyo,3.72591,7.90139,2,655.2,258.4,86.4,6.85,0.94,0.074,5.49,0.02745,2.021452145,0.244329897,0.468695652,8.251927694,0.2
675,687,Oyo,3.72758,7.90073,1,735.2,158.4,106.4,7.21,0.58,0.038,5.49,0.02745,2.054455446,0.217182131,0.535652174,8.32473975,0.3
676,688,Oyo,3.72758,7.90073,2,655.2,258.4,86.4,7.05,0.58,0.048,5.49,0.02745,2.054455446,0.135738832,0.502173913,8.20981819,0.4
