Long,Lat,texture_class,clay_content,bulk_density,aluminium_extractable,carbon_total,calcium_extractable,cation_exchange_capacity,iron_extractable,potassium_extractable,magnesium_extractable,nitrogen_total,carbon_organic,phosphorous_extractable,sulphur_extractable,zinc_extractable,pH,sand_content,silt_content,stone_content
3.05451,7.052,Sandy Loam,17,1.37,80.5,29,600.8,7.2,98.5,72.7,89,1.4,10,7.2,6.4,3.1,5.6,65,14,1.5
3.05381,7.04806,Sandy Loam,16,1.36,80.5,29,543.6,10,89,65.7,89,1.3,10,8,7.2,2.7,5.7,63,14,1.7
3.05101,7.0505,Sandy Loam,19,1.39,80.5,29,600.8,9,89,65.7,120.5,1.1,10,7.2,6.4,2.3,5.6,67,13,1.7
3.0495,7.05489,Sandy Loam,18,1.4,89,32.1,600.8,9,72.7,59.3,120.5,1.1,10,7.2,6.4,2.3,5.8,61,13,1.7
3.04887,7.04875,Sandy Loam,19,1.38,89,29,600.8,9,72.7,59.3,108.9,1.1,10,7.2,6.4,2.3,5.7,65,12,2
3.04801,7.05049,Sandy Loam,17,1.36,98.5,32.1,543.6,9,80.5,65.7,108.9,1.1,10,7.2,7.2,2.3,5.7,65,12,1.5
3.04738,7.05463,Sandy Loam,17,1.41,98.5,26.1,600.8,8,72.7,59.3,120.5,1,9,7.2,7.2,2.3,5.8,64,13,2
3.04543,7.05182,Sandy Loam,18,1.36,89,26.1,600.8,8,80.5,65.7,108.9,1.2,9,8,7.2,3.1,5.7,61,13,1.7
3.04469,7.05453,Sandy Loam,17,1.37,98.5,26.1,664.1,8,80.5,65.7,98.5,1,9,7.2,7.2,2.7,5.7,64,14,1.5
3.04352,7.04922,Sandy Loam,18,1.37,89,29,600.8,9,80.5,65.7,108.9,1.1,10,7.2,7.2,2.7,5.6,64,12,1.5
3.04317,7.05131,Sandy Loam,18,1.39,98.5,29,664.1,9,80.5,65.7,108.9,1.1,10,7.2,7.2,3.1,5.6,63,14,1.2
3.042,7.05647,Sandy Loam,18,1.38,98.5,29,543.6,8,72.7,59.3,108.9,1.1,9,6.4,7.2,3.1,5.7,63,14,1.5
3.04131,7.05,Sandy Loam,17,1.41,89,29,543.6,9,72.7,59.3,120.5,1.1,10,6.4,7.2,2.7,5.7,62,15,2
3.03901,7.05349,Sandy Loam,19,1.38,89,26.1,600.8,9,72.7,59.3,98.5,0.9,10,7.2,7.2,2.7,5.7,59,13,2.3
3.03831,7.05459,Sandy Clay Loam,20,1.32,80.5,29,543.6,8,80.5,72.7,108.9,1.3,10,7.2,8,3.5,5.7,60,12,2
3.0375,7.055,Sandy Loam,19,1.35,89,29,543.6,8,80.5,72.7,120.5,1.2,10,6.4,8,3.5,5.6,61,13,1.5
3.036,7.05199,Sandy Loam,16,1.37,98.5,29,543.6,9,72.7,59.3,108.9,1.1,10,7.2,7.2,2.7,5.7,63,13,1.5
3.036,7.05647,Sandy Loam,18,1.37,80.5,29,444.9,8,80.5,72.7,108.9,1.2,11.2,6.4,7.2,2.7,5.7,60,12,1.2
3.38126,6.746973,Sandy Clay Loam,28,1.23,147.4,35.6,402.4,10,98.5,59.3,80.5,1.3,11.2,8,8,2.7,5.4,53,17,1
3.382802,6.747253,Sandy Clay Loam,21,1.22,133.3,43.7,402.4,10,98.5,59.3,89,1.4,9,8,8,3.1,5.4,51,15,0.6
3.386096,6.746419,Sandy Clay Loam,22,1.27,163,48.4,402.4,9,98.5,59.3,72.7,1.5,10,9,7.2,3.1,5.3,53,14,1
3.387618,6.746716,Sandy Clay Loam,22,1.33,147.4,39.4,364,8,89,65.7,80.5,1.6,11.2,9,7.2,2.7,5.5,56,14,0.8
3.384601,6.746142,Sandy Clay Loam,26,1.27,133.3,35.6,364,10,98.5,65.7,80.5,1.4,9,8,8,2.7,5.5,55,17,1
3.380305,6.74526,Sandy Clay Loam,27,1.23,147.4,29,402.4,11.2,98.5,72.7,98.5,1.2,11.2,9,9,3.1,5.5,51,17,1
3.381567,6.745572,Sandy Clay Loam,27,1.22,147.4,29,364,11.2,108.9,65.7,80.5,1.3,11.2,8,8,2.7,5.5,49,17,0.6
3.383117,6.745865,Sandy Clay Loam,22,1.21,133.3,48.4,364,9,108.9,59.3,65.7,1.3,11.2,8,7.2,3.1,5.4,52,16,0.3
3.386459,6.74507,Sandy Clay Loam,22,1.24,133.3,39.4,402.4,8,108.9,65.7,72.7,1.6,10,9,8,3.5,5.2,55,15,1.2
3.388045,6.745414,Sandy Clay Loam,21,1.35,147.4,29,364,8,89,72.7,72.7,1.7,9,9,7.2,2.7,5.5,55,15,1.7
3.384929,6.744752,Sandy Clay Loam,27,1.23,147.4,43.7,402.4,10,108.9,59.3,72.7,1.3,10,7.2,7.2,2.7,5.4,57,17,1
3.380463,6.743675,Sandy Clay Loam,26,1.23,163,35.6,364,10,80.5,65.7,89,1.2,10,9,8,2.7,5.4,55,16,1
3.38189,6.744113,Sandy Clay Loam,26,1.25,147.4,29,402.4,11.2,98.5,72.7,89,1.2,10,8,8,2.7,5.5,56,16,1.5
3.383442,6.744441,Sandy Clay Loam,25,1.23,133.3,29,364,9,80.5,72.7,80.5,1.3,9,9,7.2,2.3,5.4,56,17,1.5
3.386651,6.742351,Sandy Clay Loam,23,1.26,163,43.7,402.4,8,108.9,65.7,89,1.7,11.2,9,8,3.1,5.4,56,16,1
3.3867,6.743712,Sandy Clay Loam,21,1.25,163,43.7,402.4,8,108.9,72.7,72.7,1.6,11.2,8,8,3.1,5.4,56,15,1
3.385279,6.743277,Sandy Clay Loam,23,1.25,147.4,39.4,444.9,8,98.5,59.3,80.5,1.6,11.2,9,8,3.1,5.4,57,17,1
3.380671,6.742214,Sandy Clay Loam,21,1.21,147.4,43.7,364,9,89,59.3,72.7,1.2,10,8,8,3.1,5.4,58,15,0.5
3.382232,6.742584,Sandy Clay Loam,24,1.24,147.4,35.6,402.4,9,89,72.7,89,1.3,10,8,8,2.7,5.5,58,17,1.5
4.235944444,7.609527778,Sandy Clay Loam,20,1.28,43.7,29,543.6,8,65.7,65.7,108.9,1.6,11.2,6.4,6.4,3.5,5.8,58,13,3.1
4.226916667,7.60425,Sandy Loam,18,1.31,43.7,19.1,444.9,6.4,72.7,59.3,108.9,1.1,9,8,5.7,3.1,5.9,63,14,2
4.226916667,7.604555556,Sandy Loam,17,1.3,43.7,19.1,444.9,6.4,72.7,59.3,120.5,1.1,9,8,6.4,2.7,6,62,14,2
4.228194444,7.602111111,Sandy Loam,16,1.32,39.4,21.2,491.7,6.4,72.7,53.6,120.5,1.1,9,7.2,6.4,3.1,5.9,63,15,1.5
4.233833333,7.605083333,Sandy Loam,20,1.33,43.7,15.4,491.7,6.4,72.7,65.7,120.5,1.1,9,8,6.4,2.7,5.9,65,13,2.3
4.235083333,7.606527778,Sandy Loam,19,1.3,43.7,23.5,543.6,7.2,59.3,59.3,120.5,1.4,11.2,6.4,5.7,3.1,5.9,61,14,3.1
3.797933333,6.676833333,Sandy Clay Loam,31,1.22,199.3,26.1,491.7,11.2,89,80.5,120.5,1.4,9,6.4,7.2,2.7,5.5,49,18,0.8
3.79695,6.676016667,Sandy Clay Loam,31,1.24,199.3,26.1,444.9,9,80.5,72.7,89,1.5,9,7.2,7.2,2.7,5.6,51,17,0.5
3.7948,6.675433333,Sandy Clay Loam,33,1.28,180.3,29,364,9,80.5,72.7,89,1.3,10,7.2,7.2,2.7,5.5,50,16,0.8
3.796266667,6.674166667,Sandy Clay Loam,28,1.22,199.3,29,402.4,9,80.5,72.7,133.3,1.2,9,7.2,8,3.1,5.5,51,17,0.8
3.79905,6.67615,Sandy Clay Loam,30,1.24,199.3,32.1,402.4,11.2,89,72.7,108.9,1.3,9,7.2,7.2,3.1,5.4,53,17,0.5
3.798116667,6.6806,Sandy Clay Loam,26,1.24,180.3,26.1,297.9,10,80.5,72.7,108.9,1.3,9,7.2,6.4,2.7,5.5,53,17,1
3.796883333,6.680933333,Sandy Clay Loam,30,1.24,199.3,29,364,10,89,72.7,89,1.2,9,7.2,6.4,2.7,5.5,54,16,0.8
3.797916667,6.6767,Sandy Clay Loam,30,1.21,199.3,26.1,444.9,11.2,89,72.7,120.5,1.4,9,6.4,7.2,2.7,5.5,49,17,0.8
3.804783333,6.658033333,Sandy Clay Loam,31,1.22,180.3,29,364,9,80.5,72.7,80.5,1.4,10,7.2,7.2,2.7,5.4,50,16,0.6
3.80625,6.660383333,Sandy Clay Loam,31,1.25,180.3,29,364,9,89,65.7,72.7,1.4,11.2,6.4,7.2,3.1,5.5,51,17,0.8
3.806266667,6.6604,Sandy Clay Loam,31,1.25,180.3,29,364,9,89,65.7,72.7,1.4,11.2,6.4,7.2,3.1,5.5,51,17,0.8
3.805833333,6.663716667,Sandy Clay Loam,28,1.21,180.3,39.4,329.3,9,89,65.7,72.7,1.3,11.2,7.2,8,3.5,5.3,48,15,0.5
3.8023,6.671033333,Sandy Clay Loam,32,1.22,199.3,32.1,402.4,11.2,89,72.7,133.3,1.5,11.2,6.4,8,2.7,5.5,46,19,0.6
3.795316667,6.6649,Sandy Clay Loam,34,1.18,180.3,39.4,402.4,12.5,98.5,80.5,89,1.4,10,7.2,8,3.1,5.5,49,17,0.5
3.80475,6.40475,No metadata for this value,No data,No data,No data,No data,No data,No data,No data,No data,No data,No data,No data,No data,No data,No data,No data,No data,No data,No data
4.21705,6.4018,Sandy Clay Loam,28,1.35,180.3,29,444.9,9,80.5,72.7,108.9,1.3,9,8,7.2,2.3,5.4,58,16,1
4.21965,6.4008,Sandy Clay Loam,22,1.34,180.3,26.1,402.4,9,72.7,72.7,108.9,1.2,9,9,6.4,2.7,5.4,62,16,0.6
4.220633333,6.40165,Sandy Clay Loam,24,1.35,180.3,26.1,444.9,9,72.7,72.7,108.9,1.2,9,8,7.2,2.7,5.7,53,16,0.6
4.217183333,6.4002,Sandy Clay Loam,29,1.36,180.3,29,444.9,8,80.5,72.7,80.5,1.3,9,9,6.4,2.7,5.4,60,16,0.8
4.217216667,6.399183333,Sandy Clay Loam,24,1.35,180.3,29,402.4,8,80.5,72.7,89,1.4,10,8,6.4,2.7,5.4,60,15,0.8
4.218266667,6.399466667,Sandy Clay Loam,24,1.33,180.3,23.5,402.4,9,80.5,80.5,120.5,1.4,10,8,7.2,2.7,5.4,58,15,1
4.210316667,6.40665,Sandy Clay Loam,21,1.4,133.3,23.5,444.9,7.2,72.7,80.5,108.9,1.1,8,8,6.4,2.3,5.7,59,18,0.8
4.2171,6.401933333,Sandy Clay Loam,29,1.36,180.3,26.1,444.9,10,72.7,80.5,89,1.3,9,7.2,8,2.3,5.6,53,18,1.2
4.65531,7.51441,Sandy Clay Loam,23,1.25,59.3,32.1,364,6.4,72.7,65.7,120.5,1.7,11.2,6.4,7.2,3.5,5.6,57,14,2
4.66802,7.5665,Sandy Clay Loam,23,1.31,48.4,32.1,444.9,5.7,72.7,65.7,108.9,1.5,11.2,7.2,5.7,3.5,5.6,57,14,1.5
4.68118,7.58752,Sandy Clay Loam,24,1.25,53.6,32.1,329.3,5,80.5,65.7,98.5,1.7,11.2,7.2,6.4,3.5,5.8,61,14,1.7
4.65785,7.58936,Sandy Clay Loam,22,1.32,65.7,32.1,444.9,5.7,72.7,59.3,98.5,1.7,11.2,7.2,5.7,3.5,5.9,60,14,1.5
4.63,7.61232,Sandy Clay Loam,24,1.31,65.7,32.1,364,5.7,72.7,65.7,89,1.8,11.2,7.2,6.4,3.5,5.7,56,13,2.3
4.61894,7.63757,Sandy Clay Loam,22,1.3,80.5,32.1,444.9,7.2,72.7,80.5,98.5,1.6,10,5.7,6.4,3.5,6,59,13,1.5
4.61872,7.63808,Sandy Clay Loam,23,1.31,80.5,29,491.7,7.2,65.7,72.7,98.5,1.6,10,6.4,5.7,3.5,6,58,15,2.3
4.62166,7.66914,Sandy Clay Loam,22,1.28,80.5,29,491.7,6.4,80.5,72.7,98.5,1.7,10,6.4,7.2,3.1,5.9,58,14,1.5
4.64591,7.67043,Sandy Clay Loam,23,1.29,80.5,32.1,364,8,72.7,65.7,80.5,1.6,11.2,7.2,6.4,4.5,5.8,57,13,2
4.64591,7.67743,Sandy Clay Loam,22,1.29,89,26.1,444.9,8,72.7,65.7,98.5,1.6,11.2,6.4,6.4,3.5,5.9,58,14,2
4.63076,7.51965,Sandy Clay Loam,28,1.23,59.3,35.6,402.4,6.4,72.7,59.3,80.5,1.5,12.5,6.4,7.2,4,5.5,57,13,1.7
4.63002,7.51893,Sandy Clay Loam,26,1.24,65.7,29,444.9,9,80.5,72.7,98.5,1.5,12.5,6.4,6.4,4,5.7,58,14,1.7
4.62782,7.59764,Sandy Clay Loam,23,1.34,65.7,35.6,402.4,5.7,65.7,59.3,80.5,1.7,11.2,6.4,6.4,4,5.8,60,15,2
4.65993,7.57043,Sandy Clay Loam,23,1.3,39.4,32.1,364,6.4,80.5,53.6,98.5,1.6,11.2,8,5.7,3.5,5.6,58,12,1.7
5.540806,7.002642,Sandy Loam,18,1.27,98.5,29,329.3,7.2,89,72.7,89,1.9,10,7.2,6.4,2.3,5.7,62,14,1.7
5.540806,7.002642,Sandy Loam,18,1.27,98.5,29,329.3,7.2,89,72.7,89,1.9,10,7.2,6.4,2.3,5.7,62,14,1.7
5.570354,6.995318,Sandy Loam,16,1.33,89,26.1,269.4,8,72.7,72.7,89,1.9,10,7.2,5.7,2.7,5.6,63,15,2
5.570354,6.995318,Sandy Loam,16,1.33,89,26.1,269.4,8,72.7,72.7,89,1.9,10,7.2,5.7,2.7,5.6,63,15,2
5.601165,6.988752,Sandy Loam,18,1.35,80.5,29,297.9,9,80.5,72.7,98.5,1.5,10,6.4,5.7,2.7,5.7,64,14,2.3
5.601165,6.988752,Sandy Loam,18,1.35,80.5,29,297.9,9,80.5,72.7,98.5,1.5,10,6.4,5.7,2.7,5.7,64,14,2.3
5.529189,6.97865,Sandy Loam,18,1.33,72.7,23.5,364,9,72.7,59.3,108.9,1.9,10,7.2,6.4,2.7,5.7,61,16,1.7
5.529189,6.97865,Sandy Loam,18,1.33,72.7,23.5,364,9,72.7,59.3,108.9,1.9,10,7.2,6.4,2.7,5.7,61,16,1.7
5.56101,6.972589,Sandy Clay Loam,21,1.3,98.5,32.1,444.9,9,80.5,72.7,89,1.7,11.2,8,7.2,2.7,5.4,51,14,2.3
5.56101,6.972589,Sandy Clay Loam,21,1.3,98.5,32.1,444.9,9,80.5,72.7,89,1.7,11.2,8,7.2,2.7,5.4,51,14,2.3
5.593336,6.965265,Sandy Loam,19,1.32,53.6,29,329.3,8,89,72.7,98.5,1.7,10,6.4,5.7,2.3,5.6,60,16,2
5.593336,6.965265,Sandy Loam,19,1.32,53.6,29,329.3,8,89,72.7,98.5,1.7,10,6.4,5.7,2.3,5.6,60,16,2
5.528432,6.952133,Sandy Clay Loam,20,1.34,98.5,26.1,444.9,9,80.5,65.7,98.5,1.6,9,8,6.4,2.3,5.7,62,16,1.2
5.528432,6.952133,Sandy Clay Loam,20,1.34,98.5,26.1,444.9,9,80.5,65.7,98.5,1.6,9,8,6.4,2.3,5.7,62,16,1.2
5.547878,6.942789,Sandy Loam,18,1.33,72.7,26.1,364,9,80.5,72.7,108.9,1.5,11.2,7.2,6.4,2.3,5.6,59,15,1.7
5.547878,6.942789,Sandy Loam,18,1.33,72.7,26.1,364,9,80.5,72.7,108.9,1.5,11.2,7.2,6.4,2.3,5.6,59,15,1.7
5.568839,6.937233,Sandy Loam,19,1.31,65.7,29,297.9,9,72.7,65.7,98.5,1.9,11.2,9,7.2,2.7,5.5,58,16,2.3
5.568839,6.937233,Sandy Loam,19,1.31,65.7,29,297.9,9,72.7,65.7,98.5,1.9,11.2,9,7.2,2.7,5.5,58,16,2.3
5.589548,6.931172,Sandy Loam,17,1.28,72.7,29,364,9,80.5,65.7,89,1.6,11.2,7.2,7.2,3.1,5.5,60,15,1.7
5.589548,6.931172,Sandy Loam,17,1.28,72.7,29,364,9,80.5,65.7,89,1.6,11.2,7.2,7.2,3.1,5.5,60,15,1.7
4.83971,6.72683,Sandy Loam,19,1.35,180.3,29,364,9,108.9,72.7,98.5,1.4,12.5,7.2,6.4,3.5,5.4,62,14,1.2
4.83971,6.72683,Sandy Loam,19,1.35,180.3,29,364,9,108.9,72.7,98.5,1.4,12.5,7.2,6.4,3.5,5.4,62,14,1.2
4.76275,6.71128,Sandy Loam,17,1.35,243.7,26.1,444.9,8,133.3,72.7,80.5,1.6,13.9,7.2,8,4,5.5,69,12,1.7
4.76275,6.71128,Sandy Loam,17,1.35,243.7,26.1,444.9,8,133.3,72.7,80.5,1.6,13.9,7.2,8,4,5.5,69,12,1.7
4.77781,6.67563,Sandy Loam,17,1.33,199.3,32.1,491.7,9,120.5,72.7,98.5,1.6,12.5,7.2,7.2,4,5.5,63,14,1.7
4.77781,6.67563,Sandy Loam,17,1.33,199.3,32.1,491.7,9,120.5,72.7,98.5,1.6,12.5,7.2,7.2,4,5.5,63,14,1.7
4.74366,6.671454,Sandy Loam,19,1.28,220.4,29,297.9,7.2,120.5,80.5,80.5,1.6,12.5,9,10,3.5,5.1,62,13,2.3
4.74366,6.671454,Sandy Loam,19,1.28,220.4,29,297.9,7.2,120.5,80.5,80.5,1.6,12.5,9,10,3.5,5.1,62,13,2.3
3.804444444,6.676666667,Sandy Clay Loam,23,1.23,199.3,43.7,329.3,10,80.5,72.7,89,1.2,11.2,7.2,7.2,3.1,5.2,49,14,0.6
3.805833333,6.676666667,Sandy Clay Loam,29,1.22,180.3,29,402.4,11.2,72.7,72.7,98.5,1.3,10,6.4,7.2,3.1,5.4,51,16,0.6
3.805277778,6.676666667,Sandy Clay Loam,24,1.2,199.3,35.6,364,9,80.5,65.7,89,1.3,11.2,5.7,7.2,2.7,5.4,52,15,0.8
3.805555556,6.676666667,Sandy Clay Loam,25,1.19,199.3,32.1,402.4,9,80.5,65.7,89,1.5,10,6.4,7.2,3.1,5.4,54,15,0.8
3.804722222,6.676666667,Sandy Loam,18,1.22,199.3,39.4,364,10,80.5,72.7,80.5,1.4,11.2,6.4,7.2,3.5,5.2,53,15,0.6
3.6678,7.5662,Sandy Loam,14,1.34,98.5,19.1,543.6,6.4,65.7,72.7,147.4,0.9,8,7.2,5.7,2,6.1,68,15,2.7
3.6657,7.5657,Sandy Loam,13,1.32,89,19.1,664.1,6.4,65.7,72.7,133.3,1,9,7.2,5.7,2.3,6.2,67,14,2.7
3.6663,7.5652,Sandy Loam,14,1.34,98.5,17.2,543.6,6.4,65.7,80.5,133.3,0.8,8,7.2,5.7,2.3,6.1,69,13,3.1
3.6678,7.5652,Sandy Loam,14,1.32,89,19.1,543.6,6.4,65.7,72.7,133.3,0.8,8,7.2,5.7,2.3,6.1,67,13,3.5
3.6647,7.5647,Sandy Loam,13,1.31,98.5,15.4,600.8,6.4,65.7,72.7,147.4,0.9,9,7.2,5.7,2.3,6,65,14,3.1
3.6657,7.5642,Sandy Loam,14,1.33,98.5,19.1,600.8,7.2,65.7,80.5,133.3,1.1,9,7.2,6.4,2.7,6.1,66,13,3.1
3.6668,7.5642,Sandy Loam,13,1.33,98.5,19.1,543.6,6.4,65.7,80.5,133.3,0.8,8,7.2,5.7,2.3,6.1,67,13,3.1
3.6673,7.5605,Sandy Loam,14,1.3,89,21.2,664.1,7.2,65.7,72.7,147.4,1.2,9,8,6.4,2.3,6.1,69,15,2.7
3.6678,7.5594,Sandy Loam,17,1.32,89,19.1,600.8,6.4,65.7,80.5,133.3,0.9,8,7.2,5.7,2,6.1,65,15,3.1
5.03975,7.17249,Sandy Loam,18,1.33,53.6,35.6,402.4,6.4,80.5,65.7,98.5,1.4,11.2,7.2,6.4,2.7,5.7,64,15,2.3
5.04061,7.17066,Sandy Loam,20,1.29,48.4,32.1,402.4,6.4,72.7,65.7,98.5,1.4,11.2,7.2,6.4,2.7,5.6,66,15,1.7
5.04061,7.17066,Sandy Loam,20,1.29,48.4,32.1,402.4,6.4,72.7,65.7,98.5,1.4,11.2,7.2,6.4,2.7,5.6,66,15,1.7
5.10178,7.13348,Sandy Clay Loam,24,1.29,98.5,23.5,297.9,10,72.7,65.7,108.9,1.4,10,8,7.2,2.7,5.5,58,14,2
5.10178,7.13348,Sandy Clay Loam,24,1.29,98.5,23.5,297.9,10,72.7,65.7,108.9,1.4,10,8,7.2,2.7,5.5,58,14,2
5.18763,7.09644,Sandy Clay Loam,22,1.28,59.3,35.6,329.3,7.2,80.5,53.6,89,1.6,11.2,6.4,5.7,2.7,5.3,64,14,1.7
5.18763,7.09644,Sandy Clay Loam,22,1.28,59.3,35.6,329.3,7.2,80.5,53.6,89,1.6,11.2,6.4,5.7,2.7,5.3,64,14,1.7
5.10169,7.13346,Sandy Clay Loam,24,1.29,98.5,23.5,297.9,10,72.7,65.7,108.9,1.4,10,8,7.2,2.7,5.5,58,14,2
5.07403,7.15801,Sandy Clay Loam,21,1.27,72.7,23.5,329.3,8,80.5,53.6,98.5,1.6,11.2,7.2,6.4,3.1,5.7,61,15,1.7
5.07403,7.15801,Sandy Clay Loam,21,1.27,72.7,23.5,329.3,8,80.5,53.6,98.5,1.6,11.2,7.2,6.4,3.1,5.7,61,15,1.7
5.18763,7.09644,Sandy Clay Loam,22,1.28,59.3,35.6,329.3,7.2,80.5,53.6,89,1.6,11.2,6.4,5.7,2.7,5.3,64,14,1.7
5.18763,7.09644,Sandy Clay Loam,22,1.28,59.3,35.6,329.3,7.2,80.5,53.6,89,1.6,11.2,6.4,5.7,2.7,5.3,64,14,1.7
5.18985,7.09727,Sandy Clay Loam,24,1.3,53.6,35.6,329.3,7.2,98.5,59.3,98.5,1.6,10,7.2,7.2,3.1,5.4,62,13,1.7
4.120316667,7.477916667,Sandy Loam,16,1.31,48.4,29,543.6,8,89,65.7,108.9,1.3,10,8,5.7,2.7,5.9,54,14,1.5
4.120316667,7.477916667,Sandy Loam,16,1.31,48.4,29,543.6,8,89,65.7,108.9,1.3,10,8,5.7,2.7,5.9,54,14,1.5
4.12035,7.478366667,Sandy Loam,17,1.33,48.4,32.1,600.8,8,89,65.7,108.9,1.5,10,7.2,5.7,2.3,6,55,14,2.3
4.12035,7.478366667,Sandy Loam,17,1.33,48.4,32.1,600.8,8,89,65.7,108.9,1.5,10,7.2,5.7,2.3,6,55,14,2.3
4.12045,8.169233333,Sandy Loam,12,1.26,133.3,11.2,444.9,4.5,59.3,72.7,98.5,0.7,6.4,7.2,5,2.7,6.1,74,14,5
4.12045,8.169233333,Sandy Loam,12,1.26,133.3,11.2,444.9,4.5,59.3,72.7,98.5,0.7,6.4,7.2,5,2.7,6.1,74,14,5
4.120416667,8.169766667,Sandy Loam,11,1.25,120.5,12.5,491.7,4,59.3,72.7,98.5,0.7,7.2,7.2,5,2.7,6.1,69,15,6.4
4.120416667,8.169766667,Sandy Loam,11,1.25,120.5,12.5,491.7,4,59.3,72.7,98.5,0.7,7.2,7.2,5,2.7,6.1,69,15,6.4
4.12045,7.479116667,Sandy Loam,16,1.32,48.4,29,600.8,8,80.5,65.7,98.5,1.4,9,7.2,5.7,2.7,5.9,56,15,1.7
4.12045,7.479116667,Sandy Loam,16,1.32,48.4,29,600.8,8,80.5,65.7,98.5,1.4,9,7.2,5.7,2.7,5.9,56,15,1.7
4.12045,7.479266667,Sandy Loam,16,1.32,48.4,29,600.8,8,80.5,65.7,98.5,1.4,9,7.2,5.7,2.7,5.9,56,15,1.7
4.12045,7.479266667,Sandy Loam,16,1.32,48.4,29,600.8,8,80.5,65.7,98.5,1.4,9,7.2,5.7,2.7,5.9,56,15,1.7
4.120466667,8.168933333,Sandy Loam,12,1.26,133.3,13.9,543.6,5,59.3,80.5,108.9,0.7,7.2,7.2,5,2.7,6.2,71,15,5
4.120466667,8.168933333,Sandy Loam,12,1.26,133.3,13.9,543.6,5,59.3,80.5,108.9,0.7,7.2,7.2,5,2.7,6.2,71,15,5
4.120383333,7.462766667,Sandy Clay Loam,20,1.32,53.6,21.2,600.8,8,65.7,59.3,108.9,1.4,10,8,5.7,2.3,5.9,60,16,3.5
4.120383333,7.462766667,Sandy Clay Loam,20,1.32,53.6,21.2,600.8,8,65.7,59.3,108.9,1.4,10,8,5.7,2.3,5.9,60,16,3.5
4.1204,7.781216667,Sandy Loam,16,1.27,133.3,19.1,543.6,6.4,65.7,80.5,147.4,1.2,10,8,7.2,2.3,5.9,65,16,3.1
4.1204,7.781216667,Sandy Loam,16,1.27,133.3,19.1,543.6,6.4,65.7,80.5,147.4,1.2,10,8,7.2,2.3,5.9,65,16,3.1
4.120466667,7.46105,Sandy Loam,19,1.33,53.6,26.1,664.1,8,59.3,59.3,108.9,1.7,9,7.2,5.7,2,6,59,16,1.7
4.120466667,7.46105,Sandy Loam,19,1.33,53.6,26.1,664.1,8,59.3,59.3,108.9,1.7,9,7.2,5.7,2,6,59,16,1.7
4.120351667,7.780816667,Sandy Loam,15,1.26,133.3,19.1,491.7,6.4,59.3,80.5,133.3,1.4,10,8,7.2,2.3,5.8,66,16,3.5
4.120351667,7.780816667,Sandy Loam,15,1.26,133.3,19.1,491.7,6.4,59.3,80.5,133.3,1.4,10,8,7.2,2.3,5.8,66,16,3.5
4.120333333,7.671866667,Sandy Loam,19,1.29,120.5,26.1,600.8,7.2,72.7,72.7,133.3,1.3,9,8,5.7,2,5.9,61,17,2.3
4.120333333,7.671866667,Sandy Loam,19,1.29,120.5,26.1,600.8,7.2,72.7,72.7,133.3,1.3,9,8,5.7,2,5.9,61,17,2.3
4.120333333,7.670083333,Sandy Loam,18,1.28,108.9,26.1,491.7,6.4,89,72.7,133.3,1.4,10,8,6.4,2,5.8,57,17,1.7
4.120483333,7.670083333,Sandy Loam,19,1.29,108.9,29,491.7,7.2,89,72.7,133.3,1.4,10,7.2,6.4,2.3,5.7,60,15,2
4.120483333,7.377566667,Sandy Loam,17,1.3,39.4,32.1,543.6,7.2,72.7,59.3,108.9,1.5,9,6.4,5,2.3,5.9,60,14,2
4.120483333,7.377566667,Sandy Loam,17,1.3,39.4,32.1,543.6,7.2,72.7,59.3,108.9,1.5,9,6.4,5,2.3,5.9,60,14,2
4.120483333,7.439816667,Sandy Loam,18,1.3,59.3,26.1,600.8,8,72.7,65.7,120.5,1.6,10,7.2,5.7,2,6.1,57,16,1.7
4.120483333,7.439816667,Sandy Loam,18,1.3,59.3,26.1,600.8,8,72.7,65.7,120.5,1.6,10,7.2,5.7,2,6.1,57,16,1.7
4.1204,7.60525,Sandy Loam,16,1.35,98.5,23.5,600.8,7.2,65.7,72.7,120.5,1.1,10,6.4,5.7,2,5.9,60,14,2.3
4.1204,7.60525,Sandy Loam,16,1.35,98.5,23.5,600.8,7.2,65.7,72.7,120.5,1.1,10,6.4,5.7,2,5.9,60,14,2.3
4.120365,7.606966667,Sandy Loam,16,1.33,98.5,29,600.8,8,65.7,80.5,108.9,1.2,10,6.4,6.4,2.3,6,60,15,2.3
4.120365,7.606966667,Sandy Loam,16,1.33,98.5,29,600.8,8,65.7,80.5,108.9,1.2,10,6.4,6.4,2.3,6,60,15,2.3
3.217957,7.31015,Sandy Loam,15,1.37,108.9,21.2,664.1,8,80.5,89,147.4,1.2,8,7.2,5.7,1.5,5.9,56,17,2
3.218577,7.310996,Sandy Loam,15,1.36,108.9,23.5,600.8,7.2,80.5,89,163,1.2,8,7.2,6.4,1.5,5.9,56,16,1.5
3.218934,7.311928,Sandy Loam,14,1.35,108.9,15.4,543.6,7.2,80.5,72.7,147.4,1.1,7.2,8,5.7,1.2,5.9,62,17,2
3.219014,7.312985,Sandy Loam,14,1.38,108.9,21.2,600.8,8,80.5,80.5,147.4,1.1,8,7.2,6.4,1.2,5.9,61,15,2.3
3.219732,7.313696,Sandy Loam,15,1.37,108.9,17.2,600.8,8,72.7,89,147.4,1.1,8,8,6.4,1.2,6,63,15,2.7
3.220096,7.314621,Sandy Loam,15,1.36,120.5,17.2,543.6,8,72.7,89,133.3,1,8,7.2,6.4,1.2,5.9,67,15,3.1
3.220566,7.31562,Sandy Loam,14,1.38,120.5,17.2,600.8,8,72.7,80.5,133.3,1,7.2,7.2,6.4,1.5,6,62,14,2.7
3.221527,7.315614,Sandy Loam,14,1.36,108.9,17.2,664.1,7.2,65.7,80.5,133.3,1,7.2,7.2,6.4,1.5,6.1,63,15,3.1
3.222504,7.316012,Sandy Loam,13,1.37,120.5,17.2,600.8,7.2,65.7,72.7,133.3,0.9,7.2,7.2,6.4,1.2,6,67,14,2.7
3.223499,7.316129,Sandy Loam,14,1.38,120.5,19.1,600.8,8,72.7,72.7,133.3,0.9,7.2,7.2,5.7,1.5,5.9,63,15,2.7
3.22452,7.316104,Sandy Loam,14,1.36,108.9,19.1,543.6,7.2,72.7,80.5,120.5,1,8,7.2,6.4,1.2,5.9,63,14,3.5
3.225467,7.316381,Sandy Loam,12,1.37,108.9,17.2,600.8,7.2,72.7,80.5,133.3,0.9,7.2,7.2,6.4,1.5,5.9,71,15,4.5
3.225924,7.317517,Sandy Loam,13,1.38,108.9,17.2,600.8,7.2,72.7,80.5,133.3,0.9,6.4,8,6.4,1.5,6,68,15,3.1
3.226303,7.318566,Sandy Loam,13,1.37,108.9,17.2,543.6,7.2,72.7,72.7,120.5,0.8,7.2,7.2,5.7,1.5,6,70,15,3.1
3.227338,7.319043,Sandy Loam,12,1.35,98.5,19.1,543.6,6.4,72.7,72.7,120.5,0.8,7.2,8,6.4,1.2,6,66,15,4
3.227948,7.31998,Sandy Loam,13,1.35,108.9,17.2,491.7,6.4,72.7,72.7,120.5,0.8,7.2,7.2,5.7,1.2,5.9,70,16,5
3.228368,7.320926,Sandy Loam,13,1.37,108.9,21.2,543.6,7.2,65.7,80.5,120.5,0.9,7.2,8,5.7,1.2,6,69,15,4
3.229723,7.320194,Sandy Loam,13,1.36,108.9,17.2,664.1,7.2,65.7,72.7,163,0.8,7.2,7.2,5.7,1.5,6.2,66,15,4
3.230217,7.318264,Sandy Loam,12,1.39,108.9,19.1,600.8,7.2,65.7,72.7,147.4,0.8,7.2,8,5.7,1.2,6,69,15,4
3.229304,7.31641,Sandy Loam,12,1.37,98.5,17.2,600.8,7.2,65.7,80.5,120.5,1.1,7.2,8,6.4,1.2,6,70,15,2.7
3.228838,7.331932,Sandy Loam,11,1.37,98.5,17.2,543.6,6.4,65.7,65.7,120.5,0.8,7.2,8,5.7,1.7,5.9,70,15,3.5
3.228212,7.330949,Sandy Loam,10,1.4,98.5,15.4,600.8,6.4,65.7,72.7,120.5,0.8,7.2,7.2,6.4,1.7,5.9,71,14,3.1
3.228125,7.329803,Sandy Loam,14,1.35,108.9,23.5,600.8,7.2,65.7,80.5,120.5,1,8,7.2,6.4,1.7,6,66,14,2
3.228634,7.32878,Sandy Loam,10,1.33,108.9,17.2,600.8,7.2,72.7,72.7,108.9,1,7.2,7.2,5.7,1.5,5.9,68,13,3.1
3.229719,7.328355,Sandy Loam,11,1.37,98.5,17.2,600.8,6.4,72.7,72.7,120.5,0.8,7.2,8,5.7,1.7,6,69,15,4.5
3.230161,7.32691,Sandy Loam,11,1.37,108.9,21.2,664.1,7.2,65.7,65.7,133.3,0.8,7.2,8,5.7,1.5,5.9,65,13,3.1
3.231071,7.32603,Sandy Loam,12,1.36,108.9,17.2,600.8,7.2,65.7,72.7,133.3,0.8,7.2,8,5.7,1.5,6,69,15,3.5
3.232431,7.325667,Sandy Loam,12,1.36,108.9,21.2,664.1,7.2,72.7,65.7,133.3,0.8,8,8,5.7,1.5,5.9,67,14,2.7
3.233733,7.325278,Sandy Loam,13,1.37,98.5,17.2,543.6,6.4,65.7,72.7,133.3,0.7,7.2,8,5.7,1.5,5.9,69,16,3.5
3.234943,7.324163,Sandy Loam,13,1.36,98.5,17.2,600.8,7.2,72.7,65.7,147.4,0.9,8,7.2,5.7,1.5,6,65,16,2.7
3.234531,7.322951,Sandy Loam,16,1.37,98.5,17.2,664.1,7.2,72.7,65.7,147.4,0.9,7.2,8,5.7,1.5,6,65,16,2.7
3.233986,7.321515,Sandy Loam,16,1.39,98.5,17.2,664.1,7.2,80.5,72.7,147.4,0.9,8,8,5.7,1.5,6,63,16,2.3
3.2343,7.319851,Sandy Loam,14,1.37,108.9,19.1,600.8,7.2,72.7,65.7,147.4,0.9,7.2,8,5.7,1.2,6,64,15,2.3
3.234369,7.317819,Sandy Loam,12,1.35,108.9,17.2,600.8,7.2,65.7,72.7,163,0.9,7.2,8,6.4,1.5,6,69,14,2.7
3.23354,7.316542,Sandy Loam,12,1.36,108.9,19.1,543.6,8,65.7,72.7,120.5,0.8,7.2,8,6.4,1.5,6,68,15,2.7
3.232255,7.31603,Sandy Loam,12,1.36,108.9,17.2,543.6,8,65.7,72.7,120.5,0.8,7.2,7.2,6.4,1.5,5.9,70,15,2.3
3.227326,7.314352,Sandy Loam,13,1.36,108.9,19.1,491.7,6.4,72.7,80.5,133.3,1,7.2,8,6.4,1.2,5.9,69,16,2.7
3.226685,7.313398,Sandy Loam,13,1.36,98.5,19.1,543.6,7.2,72.7,72.7,120.5,1,7.2,7.2,5.7,1.2,6,68,16,3.5
3.225172,7.313026,Sandy Loam,15,1.37,98.5,17.2,600.8,7.2,65.7,80.5,133.3,1,7.2,7.2,6.4,1.5,5.9,65,15,3.1
3.223413,7.312058,Sandy Loam,14,1.33,108.9,17.2,543.6,6.4,80.5,72.7,120.5,1,7.2,8,5.7,1.2,6,68,14,3.1
3.216055,7.30991,Sandy Loam,18,1.34,108.9,17.2,491.7,8,72.7,80.5,147.4,1.2,8,9,5,1.2,5.9,62,17,2.7
3.215355,7.310348,Sandy Loam,18,1.32,108.9,17.2,543.6,8,80.5,80.5,147.4,1.2,7.2,8,5.7,1.5,5.9,62,17,2.7
3.215269,7.311383,Sandy Loam,17,1.34,108.9,15.4,491.7,8,80.5,89,163,1.1,7.2,9,5,1.5,5.9,63,17,2.7
3.215389,7.312441,Sandy Loam,15,1.36,120.5,15.4,543.6,8,80.5,80.5,147.4,1.1,7.2,8,5,1.5,5.9,66,16,2.7
3.215836,7.313374,Sandy Loam,15,1.35,120.5,17.2,600.8,8,72.7,72.7,163,1.1,8,7.2,5.7,1.5,6,64,15,2.7
3.214671,7.313622,Sandy Loam,16,1.36,120.5,19.1,491.7,7.2,80.5,80.5,163,1.1,8,8,5,1.2,6,63,15,2.3
3.213521,7.313609,Sandy Loam,16,1.36,120.5,17.2,491.7,8,72.7,80.5,147.4,1.2,8,7.2,5.7,1.5,6,63,16,2.3
3.214155,7.314723,Sandy Loam,16,1.34,108.9,17.2,664.1,8,80.5,80.5,163,1.2,9,6.4,5.7,1.5,6.1,59,15,2.3
3.214296,7.315857,Sandy Loam,17,1.35,108.9,17.2,543.6,8,80.5,80.5,163,1.1,8,9,5.7,1.5,6,59,16,3.5
3.215683,7.315673,Sandy Loam,17,1.34,120.5,19.1,664.1,9,72.7,89,180.3,1.1,7.2,6.4,5.7,1.5,6,63,16,2.7
3.216517,7.315933,Sandy Loam,16,1.37,120.5,19.1,600.8,7.2,72.7,89,133.3,1.1,7.2,8,5.7,1.2,6.1,66,16,2.7
3.217506,7.316596,Sandy Loam,14,1.35,108.9,19.1,664.1,8,72.7,89,133.3,1,7.2,7.2,5.7,1.5,6,64,14,2.3
3.217585,7.317497,Sandy Loam,13,1.38,120.5,17.2,543.6,7.2,65.7,80.5,120.5,1,8,7.2,6.4,1.5,6.2,66,14,2.3
3.217526,7.318283,Sandy Loam,14,1.36,108.9,17.2,543.6,7.2,72.7,72.7,108.9,0.9,7.2,8,6.4,1.5,6.1,66,15,2.3
3.217181,7.319123,Sandy Loam,14,1.33,98.5,17.2,543.6,8,72.7,80.5,133.3,0.9,8,8,6.4,1.5,6.1,65,16,1.7
3.216922,7.320029,Sandy Loam,16,1.36,108.9,17.2,543.6,8,65.7,80.5,133.3,0.9,8,8,6.4,1.5,6.1,64,16,1.7
3.216004,7.320703,Sandy Loam,14,1.38,98.5,17.2,543.6,8,65.7,80.5,133.3,1,7.2,7.2,6.4,1.2,6.1,64,16,1.5
3.215807,7.321165,Sandy Loam,13,1.38,98.5,21.2,600.8,8,65.7,80.5,120.5,0.9,7.2,7.2,6.4,1.5,6.1,64,15,1.2
3.215585,7.322526,Sandy Loam,12,1.35,98.5,21.2,600.8,8,65.7,80.5,120.5,1.1,8,8,6.4,1.5,6.1,64,15,1.5
3.215695,7.323453,Sandy Loam,14,1.33,108.9,19.1,543.6,7.2,65.7,80.5,147.4,1,8,8,6.4,1.5,6.1,67,16,1.7
3.215923,7.324558,Sandy Loam,14,1.33,98.5,19.1,600.8,7.2,65.7,80.5,133.3,1.2,8,8,6.4,1.7,6.1,65,15,2
3.216845,7.324768,Sandy Loam,13,1.34,108.9,19.1,600.8,8,65.7,80.5,120.5,1.1,8,7.2,6.4,1.5,6.1,67,16,1.7
3.21673,7.322688,Sandy Loam,12,1.34,98.5,19.1,600.8,8,65.7,72.7,120.5,1.1,8,8,5.7,1.7,6.1,68,16,2
3.217154,7.321789,Sandy Loam,11,1.37,98.5,19.1,543.6,7.2,65.7,80.5,133.3,0.9,7.2,8,6.4,1.5,6.1,65,15,2
3.218168,7.321011,Sandy Loam,15,1.36,108.9,19.1,600.8,7.2,65.7,80.5,133.3,1,8,8,5.7,1.5,6.2,66,14,2.7
3.218379,7.32012,Sandy Loam,13,1.37,98.5,19.1,543.6,8,65.7,80.5,133.3,0.9,7.2,8,6.4,1.5,6.2,66,14,2
3.219066,7.319926,Sandy Loam,15,1.37,98.5,19.1,543.6,8,65.7,80.5,133.3,1,8,8,6.4,1.5,6.2,65,15,3.1
3.217672,7.318487,Sandy Loam,15,1.36,108.9,17.2,543.6,7.2,72.7,80.5,120.5,0.9,8,7.2,5.7,1.2,6.1,64,15,2.3
3.217576,7.317371,Sandy Loam,12,1.35,120.5,17.2,600.8,7.2,65.7,80.5,133.3,1.1,8,7.2,6.4,1.5,6.1,68,15,2.7
3.21684,7.316804,Sandy Loam,16,1.35,108.9,19.1,600.8,7.2,72.7,80.5,133.3,0.9,7.2,7.2,5.7,1.5,6.1,65,15,2.7
3.215894,7.312361,Sandy Loam,15,1.36,120.5,15.4,543.6,8,80.5,80.5,147.4,1.1,7.2,8,5.7,1.5,5.9,64,17,2.3
3.216584,7.314197,Sandy Loam,14,1.35,120.5,19.1,543.6,7.2,80.5,80.5,147.4,1.1,8,7.2,5.7,1.2,6,61,15,2.3
3.213997,7.315894,Sandy Loam,15,1.33,120.5,17.2,600.8,9,80.5,80.5,163,1.3,8,8,5.7,1.5,6,57,16,3.1
3.211504,7.31563,Sandy Loam,17,1.34,120.5,17.2,664.1,8,72.7,72.7,163,1.3,7.2,8,5,1.2,6,57,17,2.7
3.21099,7.313638,Sandy Loam,16,1.37,108.9,17.2,600.8,8,80.5,72.7,133.3,1.2,7.2,8,5.7,1.5,6,61,15,2.3
3.214081,7.315958,Sandy Loam,17,1.35,108.9,17.2,543.6,8,80.5,80.5,163,1.1,8,9,5.7,1.5,6,59,16,3.5
3.215373,7.31623,Sandy Loam,14,1.35,120.5,19.1,600.8,8,72.7,89,133.3,1,7.2,7.2,5.7,1.2,6,66,14,2
3.216368,7.315253,Sandy Loam,14,1.35,120.5,17.2,491.7,8,72.7,80.5,120.5,1.1,7.2,7.2,5.7,1.2,6,64,16,3.1
3.218085,7.314984,Sandy Loam,15,1.35,108.9,17.2,543.6,7.2,65.7,80.5,163,1.1,7.2,7.2,5.7,1.2,6,63,15,3.1
3.21715,7.312038,Sandy Loam,17,1.35,108.9,15.4,543.6,7.2,72.7,80.5,147.4,1.1,7.2,7.2,5.7,1.2,5.9,64,17,3.1
3.20737,7.324178,Sandy Loam,17,1.34,108.9,21.2,600.8,8,65.7,80.5,163,1.2,9,7.2,6.4,2,6.2,65,16,2.3
3.209038,7.324381,Sandy Loam,16,1.34,98.5,21.2,600.8,8,80.5,80.5,133.3,1.2,9,7.2,5.7,1.5,6.1,61,15,2
3.210329,7.323846,Sandy Loam,18,1.34,98.5,19.1,491.7,8,72.7,80.5,163,1.3,9,6.4,6.4,1.5,6,61,18,1.7
3.211602,7.323573,Sandy Loam,19,1.35,98.5,19.1,543.6,8,72.7,72.7,147.4,1.1,8,6.4,6.4,1.5,6,60,18,2
3.213152,7.324336,Sandy Loam,16,1.38,98.5,17.2,543.6,6.4,80.5,80.5,133.3,1.1,8,7.2,6.4,1.5,6.1,62,16,1.7
3.214407,7.326042,Sandy Loam,16,1.35,98.5,17.2,664.1,8,72.7,80.5,147.4,1.1,8,9,6.4,1.2,6.2,62,17,2.3
3.214898,7.327326,Sandy Loam,14,1.33,98.5,19.1,600.8,7.2,72.7,80.5,133.3,1.1,8,7.2,6.4,1.2,6,67,16,3.5
3.215352,7.328451,Sandy Loam,16,1.31,98.5,23.5,664.1,7.2,59.3,89,133.3,1.3,8,7.2,5.7,1.7,6.1,67,16,2.3
3.215342,7.329549,Sandy Loam,13,1.36,98.5,17.2,600.8,7.2,65.7,89,120.5,1,8,7.2,5.7,1.5,6.1,70,17,2.3
3.215522,7.33065,Sandy Loam,14,1.35,98.5,19.1,600.8,7.2,65.7,80.5,147.4,1.1,8,8,6.4,1.5,6.1,68,16,2.7
3.206708,7.323276,Sandy Loam,18,1.34,108.9,26.1,664.1,8,80.5,80.5,147.4,1.2,9,8,6.4,1.5,6.1,59,15,2
3.208264,7.325416,Sandy Loam,16,1.32,108.9,21.2,664.1,8,72.7,80.5,147.4,1.3,9,7.2,6.4,1.7,6.1,61,15,2.3
3.210524,7.324881,Sandy Loam,19,1.36,98.5,19.1,543.6,8,80.5,80.5,133.3,1.2,8,7.2,6.4,1.5,6.1,62,17,2
3.211848,7.325606,Sandy Loam,17,1.34,98.5,21.2,543.6,7.2,80.5,80.5,133.3,1.2,7.2,8,6.4,1.5,6.1,61,15,2
3.213328,7.325649,Sandy Loam,15,1.37,108.9,17.2,543.6,7.2,80.5,80.5,147.4,1,7.2,8,6.4,1.2,6.1,64,16,2
3.21343,7.326641,Sandy Loam,17,1.35,98.5,19.1,600.8,7.2,72.7,80.5,163,1.2,8,8,5.7,1.2,6.1,67,15,2.3
3.214066,7.327979,Sandy Loam,12,1.39,98.5,21.2,600.8,7.2,65.7,89,120.5,1.2,8,7.2,5.7,1.5,6.1,67,16,2
3.212291,7.327524,Sandy Loam,14,1.34,89,17.2,600.8,8,65.7,89,133.3,1.1,7.2,8,6.4,1.5,6.1,66,16,1.7
3.213855,7.328939,Sandy Loam,14,1.35,98.5,17.2,600.8,7.2,65.7,80.5,133.3,1.2,8,8,5.7,1.7,6.1,66,16,2.7
3.213887,7.330066,Sandy Loam,15,1.33,98.5,19.1,600.8,7.2,59.3,80.5,133.3,1.2,8,7.2,6.4,1.7,6.1,61,18,2.3
3.460393,7.094008,Sandy Loam,20,1.31,80.5,32.1,444.9,9,80.5,65.7,98.5,1.5,10,7.2,6.4,2.7,5.5,59,12,1.5
3.461684,7.095094,Sandy Loam,19,1.3,72.7,32.1,444.9,9,80.5,65.7,98.5,1.6,10,6.4,6.4,2.7,5.5,60,13,1.7
3.462821,7.096433,Sandy Clay Loam,22,1.3,65.7,29,444.9,9,80.5,65.7,108.9,1.5,10,7.2,6.4,3.1,5.6,60,12,1.5
3.464526,7.097724,Sandy Clay Loam,21,1.29,65.7,35.6,364,9,80.5,65.7,98.5,1.4,10,6.4,6.4,3.1,5.6,57,12,1.5
3.460694,7.093047,Sandy Clay Loam,20,1.28,89,32.1,444.9,9,80.5,65.7,108.9,1.6,11.2,7.2,6.4,2.7,5.6,59,12,1.7
3.462042,7.093669,Sandy Loam,17,1.34,72.7,32.1,444.9,8,80.5,59.3,120.5,1.6,10,7.2,5.7,2.7,5.5,61,12,1.7
3.464098,7.092472,Sandy Loam,16,1.35,72.7,29,444.9,8,80.5,65.7,108.9,1.5,10,7.2,5.7,2.7,5.7,63,14,1.7
3.46767,7.09484,Sandy Loam,17,1.35,65.7,32.1,402.4,7.2,98.5,59.3,120.5,1.4,10,7.2,6.4,2.7,5.6,61,13,2
3.331373,7.094938,Sandy Loam,19,1.33,89,26.1,543.6,8,80.5,65.7,133.3,1.3,9,8,5.7,2.3,5.9,67,14,1.7
3.330705,7.093945,Sandy Clay Loam,20,1.36,98.5,29,543.6,8,72.7,72.7,120.5,1.2,9,8,5.7,2.3,5.8,64,14,2
3.329931,7.092699,Sandy Clay Loam,21,1.35,89,23.5,543.6,8,80.5,65.7,120.5,1.2,10,7.2,6.4,2.3,5.8,66,15,1.7
3.329257,7.090998,Sandy Clay Loam,22,1.31,98.5,23.5,543.6,9,80.5,65.7,147.4,1.2,8,7.2,6.4,2.3,5.8,63,17,1.5
3.328243,7.089372,Sandy Clay Loam,21,1.32,98.5,29,600.8,9,72.7,65.7,133.3,1.5,9,8,6.4,2.3,5.8,64,16,2
3.326812,7.088223,Sandy Clay Loam,21,1.32,98.5,32.1,664.1,9,80.5,72.7,133.3,1.4,9,8,6.4,2.3,5.8,61,15,1.5
3.327496,7.086452,Sandy Clay Loam,22,1.33,98.5,26.1,600.8,9,72.7,65.7,120.5,1.2,9,7.2,6.4,2.7,5.8,62,16,1.7
3.328868,7.086869,Sandy Loam,20,1.32,98.5,32.1,600.8,9,80.5,72.7,120.5,1.3,10,8,6.4,2.7,5.9,60,14,1.2
3.32819,7.088211,Sandy Loam,19,1.34,98.5,35.6,664.1,10,80.5,65.7,120.5,1.4,10,7.2,6.4,2.3,5.8,60,14,1.5
3.331974,7.094124,Sandy Loam,19,1.33,98.5,29,543.6,8,80.5,65.7,120.5,1.2,10,7.2,5.7,2.3,5.9,66,15,2
3.331612,7.093553,Sandy Clay Loam,21,1.32,98.5,29,600.8,9,80.5,65.7,108.9,1.3,10,7.2,5.7,2.3,5.8,62,14,2
3.330846,7.092398,Sandy Loam,19,1.34,98.5,32.1,543.6,8,72.7,65.7,108.9,1.3,10,7.2,5.7,2.3,5.8,63,14,2
3.330138,7.090886,Sandy Clay Loam,22,1.33,98.5,26.1,600.8,9,80.5,72.7,120.5,1.2,9,7.2,6.4,2.3,5.9,63,14,1.7
3.329347,7.089151,Sandy Clay Loam,21,1.34,98.5,32.1,600.8,9,80.5,65.7,133.3,1.3,10,7.2,6.4,2.7,5.6,56,14,1.5
3.326322,7.086647,Sandy Clay Loam,20,1.33,89,26.1,664.1,10,72.7,65.7,147.4,1.2,9,8,5.7,2.3,5.9,60,16,1.7
3.327535,7.084673,Sandy Clay Loam,22,1.35,80.5,21.2,600.8,8,72.7,65.7,147.4,1.3,8,7.2,5.7,2,5.9,61,17,1.5
3.330889,7.085882,Sandy Clay Loam,24,1.35,89,23.5,600.8,8,80.5,72.7,133.3,1.3,9,8,6.4,2,5.8,65,15,1.7
3.616628,7.117411,Sandy Loam,19,1.36,98.5,26.1,444.9,7.2,80.5,65.7,98.5,1.4,10,7.2,5.7,2,6,67,14,2.7
3.616898,7.118461,Sandy Loam,17,1.41,98.5,29,600.8,7.2,98.5,65.7,108.9,1.6,10,7.2,6.4,2.3,5.9,66,15,2
3.617568,7.120374,Sandy Loam,18,1.37,80.5,29,444.9,7.2,80.5,65.7,108.9,1.8,10,7.2,5.7,2,5.8,65,13,2.7
3.618068,7.122758,Sandy Loam,17,1.37,80.5,29,491.7,8,80.5,65.7,120.5,1.9,10,8,6.4,2,5.9,64,14,2
3.615965,7.118494,Sandy Loam,16,1.39,80.5,29,444.9,7.2,89,65.7,108.9,1.6,10,7.2,5.7,2,6,66,14,2
3.616024,7.120407,Sandy Loam,16,1.34,80.5,32.1,491.7,8,89,65.7,98.5,1.5,10,8,5.7,2.3,6,63,13,2
3.617067,7.121735,Sandy Loam,17,1.34,80.5,35.6,491.7,7.2,72.7,59.3,133.3,1.8,10,7.2,5.7,2,6,64,14,2.7
3.617424,7.124798,Sandy Loam,17,1.31,80.5,32.1,543.6,8,80.5,65.7,108.9,1.6,10,7.2,6.4,2,6,64,13,1.7
3.506245,7.222301,Sandy Loam,16,1.36,98.5,29,600.8,7.2,72.7,59.3,108.9,1.2,8,7.2,5.7,1.7,6,67,12,2.7
3.506234,7.223888,Sandy Loam,15,1.36,89,29,600.8,8,72.7,65.7,108.9,1.2,9,6.4,6.4,2,6,69,13,2.7
3.50599,7.224759,Sandy Loam,20,1.37,89,29,600.8,7.2,80.5,65.7,120.5,1.3,9,7.2,6.4,1.7,6,66,14,2
3.508895,7.239764,Sandy Loam,16,1.37,65.7,23.5,600.8,7.2,72.7,53.6,133.3,1.1,8,7.2,5,1.7,6,66,14,3.5
3.509501,7.236939,Sandy Loam,15,1.35,65.7,21.2,600.8,7.2,72.7,65.7,120.5,1,9,8,5,1.7,6,71,14,4
3.509491,7.234836,Sandy Loam,14,1.35,72.7,21.2,444.9,7.2,72.7,59.3,120.5,1,9,8,5,1.7,6,68,14,3.5
3.510775,7.235616,Sandy Loam,13,1.35,72.7,21.2,543.6,7.2,72.7,59.3,120.5,1.1,8,7.2,5,1.7,6,72,13,3.5
3.509585,7.231547,Sandy Loam,15,1.37,80.5,21.2,543.6,6.4,72.7,59.3,133.3,1.1,8,7.2,5.7,2,6,67,14,3.1
3.731347,7.028445,Sandy Clay Loam,21,1.31,72.7,43.7,444.9,8,108.9,65.7,98.5,1.6,10,7.2,8,3.5,5.4,54,15,1.7
3.730686,7.027875,Sandy Loam,19,1.31,72.7,35.6,444.9,8,108.9,59.3,98.5,1.6,10,7.2,8,3.5,5.6,58,14,2
3.730051,7.027565,Sandy Loam,18,1.31,72.7,35.6,491.7,8,108.9,65.7,98.5,1.5,10,7.2,8,3.5,5.5,58,16,1.5
3.729664,7.028199,Sandy Loam,18,1.32,72.7,35.6,402.4,7.2,120.5,65.7,98.5,1.5,10,8,8,3.5,5.5,57,14,1.7
3.730578,7.028496,Sandy Loam,18,1.34,72.7,39.4,444.9,7.2,108.9,65.7,98.5,1.5,11.2,8,8,3.5,5.5,57,13,2
3.730863,7.028957,Sandy Loam,18,1.35,72.7,39.4,491.7,8,108.9,65.7,98.5,1.6,11.2,8,7.2,3.1,5.6,57,14,1.5
3.731246,7.029328,Sandy Loam,18,1.34,72.7,39.4,444.9,9,108.9,65.7,89,1.5,11.2,7.2,8,3.1,5.6,57,14,2
3.730414,7.029363,Sandy Loam,18,1.33,65.7,39.4,444.9,7.2,108.9,65.7,89,1.6,11.2,7.2,8,3.1,5.5,57,15,1.7
3.729754,7.029537,Sandy Loam,18,1.37,72.7,39.4,444.9,8,108.9,65.7,98.5,1.6,10,7.2,8,3.1,5.4,61,13,1.5
3.729091,7.029882,Sandy Loam,18,1.36,65.7,39.4,402.4,8,108.9,65.7,98.5,1.5,10,7.2,8,3.1,5.4,59,14,2
3.730096,7.030682,Sandy Loam,19,1.36,72.7,39.4,543.6,9,98.5,59.3,98.5,1.5,10,8,7.2,3.1,5.6,59,14,1.5
3.730899,7.036372,Sandy Loam,20,1.37,72.7,39.4,543.6,9,80.5,59.3,108.9,1.5,10,5.7,7.2,3.1,5.9,61,14,1.5
3.727027,7.042175,Sandy Clay Loam,21,1.35,59.3,26.1,491.7,9,89,59.3,89,1.6,10,7.2,6.4,3.5,5.8,60,16,1.5
3.72633,7.047236,Sandy Clay Loam,21,1.35,65.7,32.1,491.7,9,98.5,59.3,98.5,1.5,10,8,7.2,3.1,5.6,60,15,1.7
3.726565,7.049603,Sandy Clay Loam,21,1.34,72.7,32.1,491.7,10,89,65.7,108.9,1.5,10,8,6.4,3.5,5.7,59,15,2
3.726758,7.051839,Sandy Clay Loam,21,1.35,80.5,35.6,444.9,9,89,65.7,98.5,1.4,10,7.2,7.2,3.5,5.7,61,14,1.5
3.726696,7.052714,Sandy Clay Loam,21,1.35,72.7,39.4,543.6,9,80.5,65.7,108.9,1.7,10,6.4,6.4,3.5,5.7,62,15,2
3.768761,6.983094,Sandy Loam,19,1.32,89,39.4,444.9,8,89,72.7,89,1.7,11.2,8,6.4,3.1,5.6,57,13,2
3.770213,6.982047,Sandy Loam,19,1.31,98.5,32.1,543.6,10,89,72.7,89,1.8,10,7.2,6.4,2.7,5.5,60,14,2
3.772346,6.980839,Sandy Loam,16,1.34,89,32.1,491.7,8,98.5,72.7,120.5,1.7,10,7.2,7.2,3.1,5.6,62,14,2.7
3.773075,6.980838,Sandy Loam,18,1.31,89,32.1,444.9,8,98.5,72.7,108.9,1.6,11.2,8,8,3.1,5.6,61,13,2.3
3.771527,6.981027,Sandy Loam,19,1.33,89,32.1,491.7,9,89,72.7,98.5,1.9,10,7.2,6.4,2.7,5.6,62,14,2
3.770336,6.981928,Sandy Loam,20,1.31,98.5,32.1,543.6,9,89,72.7,89,1.9,10,6.4,7.2,3.1,5.5,59,14,2
3.769985,6.982728,Sandy Loam,20,1.27,98.5,32.1,491.7,9,98.5,72.7,98.5,1.8,11.2,7.2,6.4,3.1,5.5,58,14,2.3
3.768852,6.983108,Sandy Loam,19,1.32,89,39.4,444.9,8,89,72.7,89,1.7,11.2,8,6.4,3.1,5.6,57,13,2
3.768757,6.98367,Sandy Loam,19,1.31,89,35.6,444.9,8,89,65.7,89,1.7,11.2,8,7.2,3.1,5.5,56,12,2
3.76902,6.984029,Sandy Clay Loam,22,1.31,89,35.6,444.9,9,98.5,72.7,89,1.5,12.5,8,7.2,3.5,5.5,57,13,2.3
3.769304,6.984462,Sandy Clay Loam,21,1.27,89,35.6,444.9,9,98.5,72.7,98.5,1.6,11.2,7.2,7.2,3.1,5.5,60,13,2.3
3.769444,6.984392,Sandy Clay Loam,21,1.27,89,35.6,444.9,9,98.5,72.7,98.5,1.6,11.2,7.2,7.2,3.1,5.5,60,13,2.3
3.76911,6.984488,Sandy Clay Loam,22,1.31,89,35.6,444.9,8,98.5,72.7,108.9,1.6,11.2,7.2,6.4,3.5,5.5,58,13,2
3.769972,6.985297,Sandy Loam,19,1.28,80.5,35.6,444.9,8,98.5,72.7,89,1.7,11.2,8,6.4,2.7,5.6,60,13,1.7
3.770918,6.985792,Sandy Loam,20,1.31,89,39.4,444.9,9,98.5,65.7,89,1.8,12.5,7.2,6.4,3.1,5.6,58,13,2
3.771732,6.985578,Sandy Clay Loam,20,1.31,89,35.6,444.9,7.2,89,65.7,80.5,1.7,11.2,8,7.2,2.7,5.4,56,13,1.7
3.771041,6.985233,Sandy Clay Loam,21,1.28,89,35.6,444.9,9,98.5,65.7,80.5,1.9,11.2,8,6.4,3.1,5.5,55,13,2
3.718168,6.859289,Sandy Loam,18,1.35,147.4,26.1,329.3,7.2,72.7,72.7,89,1.3,9,7.2,7.2,2.7,5.7,67,12,1
3.718168,6.850372,Sandy Loam,17,1.37,120.5,23.5,329.3,8,80.5,65.7,80.5,1.4,9,7.2,7.2,2.7,5.7,65,13,1.2
3.718991,6.851737,Sandy Loam,18,1.36,133.3,23.5,297.9,8,72.7,59.3,89,1.4,10,7.2,7.2,2.7,5.6,67,12,1.2
3.715842,6.851537,Sandy Loam,18,1.36,120.5,26.1,329.3,8,80.5,65.7,98.5,1.3,10,7.2,6.4,2.7,5.8,66,11,1.5
3.71853,6.851653,Sandy Loam,19,1.34,133.3,21.2,329.3,8,80.5,65.7,80.5,1.3,10,6.4,7.2,2.7,5.7,64,13,1
3.715997,6.853631,Sandy Loam,18,1.37,133.3,26.1,329.3,9,72.7,72.7,98.5,1.4,10,7.2,6.4,2.7,5.7,69,12,2
3.716144,6.855867,Sandy Loam,18,1.36,147.4,23.5,329.3,8,72.7,65.7,89,1.3,9,7.2,6.4,2.7,5.7,68,12,2
3.717307,6.858745,Sandy Loam,18,1.36,163,21.2,329.3,8,72.7,72.7,89,1.4,9,7.2,7.2,2.7,5.7,69,12,1.2
3.71321,6.858513,Sandy Loam,17,1.36,147.4,23.5,402.4,9,80.5,72.7,80.5,1.3,10,8,7.2,2.7,5.8,67,13,1.2
3.720222,6.859614,Sandy Loam,16,1.36,147.4,29,364,8,80.5,72.7,72.7,1.5,10,7.2,7.2,2.3,5.8,63,13,1
3.719679,6.859345,Sandy Loam,17,1.37,133.3,26.1,329.3,7.2,80.5,72.7,72.7,1.5,10,7.2,7.2,2.7,5.8,65,13,1.2
3.719781,6.858296,Sandy Loam,19,1.33,147.4,23.5,402.4,8,80.5,72.7,80.5,1.6,10,6.4,7.2,2.7,5.8,61,13,1.5
3.719752,6.856395,Sandy Loam,19,1.32,147.4,26.1,364,8,80.5,72.7,80.5,1.4,11.2,7.2,7.2,3.1,5.7,63,13,1.5
3.719259,6.854625,Sandy Loam,19,1.38,133.3,21.2,329.3,7.2,72.7,65.7,80.5,1.5,10,7.2,7.2,3.1,5.6,66,13,1.2
3.719167,6.852817,Sandy Loam,18,1.37,133.3,21.2,329.3,7.2,72.7,72.7,89,1.4,10,7.2,6.4,3.1,5.7,68,12,1.2
3.719121,6.851016,Sandy Loam,18,1.36,120.5,23.5,297.9,8,80.5,65.7,98.5,1.5,10,7.2,7.2,2.7,5.7,65,12,1.5
3.719252,6.849206,Sandy Loam,16,1.38,120.5,23.5,297.9,8,72.7,65.7,80.5,1.3,9,7.2,8,2.7,5.7,67,11,1.2
3.721761,6.848211,Sandy Loam,18,1.37,120.5,23.5,297.9,8,72.7,59.3,80.5,1.2,9,7.2,7.2,2.7,5.8,64,13,2
3.722104,6.850366,Sandy Loam,19,1.36,120.5,26.1,269.4,8,72.7,59.3,89,1.2,9,7.2,6.4,3.1,5.8,63,12,1.5
3.722439,6.852237,Sandy Loam,18,1.39,147.4,26.1,297.9,8,72.7,65.7,98.5,1.3,9,7.2,6.4,3.1,5.7,64,13,1.7
3.722576,6.853965,Sandy Loam,19,1.36,163,26.1,364,8,72.7,72.7,80.5,1.3,9,6.4,7.2,3.1,5.6,64,13,1.5
3.722679,6.855808,Sandy Loam,19,1.36,163,29,364,9,72.7,72.7,80.5,1.4,10,7.2,6.4,3.1,5.5,62,12,1.5
3.722936,6.857721,Sandy Loam,20,1.35,163,29,297.9,8,72.7,65.7,80.5,1.4,10,8,6.4,3.1,5.6,65,11,1.2
3.722786,6.859511,Sandy Loam,19,1.34,147.4,32.1,329.3,9,72.7,65.7,89,1.4,10,7.2,7.2,3.1,5.6,64,13,0.8
3.720947,6.859388,Sandy Loam,17,1.36,147.4,26.1,329.3,8,80.5,72.7,80.5,1.5,9,6.4,7.2,3.1,5.7,66,12,0.8
4.040865,6.898688,Sandy Clay Loam,20,1.35,120.5,35.6,402.4,9,80.5,65.7,80.5,1.4,11.2,8,8,3.1,5.5,65,13,2
4.041107,6.899562,Sandy Loam,19,1.33,120.5,39.4,364,8,89,65.7,72.7,1.5,12.5,7.2,8,3.1,5.6,62,13,2.7
4.040757,6.900988,Sandy Loam,18,1.34,133.3,35.6,402.4,8,89,65.7,80.5,1.5,11.2,7.2,8,3.1,5.5,65,13,1.7
4.04189,6.901882,Sandy Loam,18,1.31,133.3,39.4,364,8,89,65.7,80.5,1.4,11.2,6.4,8,3.5,5.6,62,12,1.7
4.040976,6.902221,Sandy Loam,18,1.32,133.3,35.6,444.9,7.2,80.5,65.7,80.5,1.5,12.5,6.4,9,3.1,5.5,63,12,2
4.040977,6.903064,Sandy Loam,19,1.31,120.5,39.4,364,8,89,72.7,98.5,1.4,11.2,5.7,9,3.1,5.5,65,12,1.7
4.046731,6.903561,Sandy Loam,18,1.36,120.5,39.4,402.4,8,80.5,59.3,80.5,1.4,11.2,7.2,9,3.1,5.4,63,13,2
4.05039,6.904782,Sandy Loam,19,1.33,120.5,43.7,444.9,8,89,65.7,89,1.7,12.5,7.2,8,3.1,5.3,63,12,1.7
3.913691,7.067338,Sandy Loam,18,1.34,65.7,35.6,491.7,8,89,59.3,80.5,1.5,10,6.4,6.4,2.3,5.8,58,14,2
3.912417,7.067346,Sandy Loam,18,1.34,65.7,35.6,491.7,9,80.5,59.3,98.5,1.7,11.2,6.4,6.4,2.7,5.7,62,14,2
3.913147,7.067812,Sandy Loam,19,1.33,65.7,35.6,491.7,8,80.5,53.6,98.5,1.6,11.2,7.2,6.4,2.7,5.7,59,14,2
3.913518,7.068799,Sandy Loam,19,1.32,65.7,29,543.6,9,89,59.3,89,1.6,11.2,6.4,6.4,2.7,5.8,58,14,2.7
3.913666,7.06962,Sandy Clay Loam,20,1.33,65.7,29,491.7,8,89,65.7,89,1.6,11.2,7.2,6.4,2.7,5.7,59,13,2
3.913942,7.071432,Sandy Clay Loam,21,1.34,59.3,35.6,491.7,8,80.5,59.3,89,1.7,12.5,8,7.2,2.7,5.6,53,15,2.7
3.914993,7.068356,Sandy Loam,19,1.33,65.7,29,444.9,8,80.5,59.3,98.5,1.7,11.2,7.2,6.4,2.7,5.8,60,13,1.7
3.917502,7.069695,Sandy Loam,20,1.33,59.3,29,444.9,9,72.7,59.3,80.5,1.7,11.2,7.2,5.7,2,5.8,59,13,3.1
3.917885,7.06774,Sandy Clay Loam,21,1.34,65.7,35.6,543.6,8,80.5,65.7,98.5,1.7,11.2,6.4,6.4,2.7,5.7,56,13,2.7
3.916438,7.067783,Sandy Loam,19,1.34,65.7,35.6,444.9,9,80.5,59.3,98.5,1.6,11.2,7.2,5.7,2.7,5.6,58,13,2
3.915335,7.066279,Sandy Loam,20,1.34,59.3,35.6,491.7,8,80.5,59.3,89,1.7,11.2,7.2,7.2,2.7,5.6,57,15,1.7
3.913096,7.064481,Sandy Loam,18,1.3,65.7,32.1,402.4,8,80.5,65.7,89,1.5,11.2,7.2,7.2,2.7,5.6,58,14,1.7
3.913313,7.06507,Sandy Loam,18,1.32,59.3,29,491.7,8,80.5,59.3,98.5,1.7,11.2,6.4,6.4,2.7,5.8,60,13,1.5
3.912878,7.065695,Sandy Loam,19,1.32,65.7,29,444.9,8,80.5,59.3,89,1.6,11.2,8,6.4,2.7,5.7,57,13,2
3.912357,7.066706,Sandy Loam,19,1.3,65.7,29,444.9,8,80.5,59.3,89,1.5,11.2,6.4,5.7,2.3,5.6,58,13,2
3.914,7.065102,Sandy Loam,16,1.32,59.3,35.6,491.7,8,80.5,59.3,98.5,1.5,10,7.2,7.2,2.7,5.8,61,14,1.7
3.913274,7.065893,Sandy Loam,18,1.33,65.7,35.6,444.9,8,80.5,59.3,108.9,1.7,11.2,7.2,6.4,2.3,5.7,59,13,1.5
3.977725,7.059794,Sandy Loam,20,1.34,48.4,32.1,402.4,8,80.5,59.3,98.5,1.6,11.2,8,5.7,2.7,5.8,60,15,1.7
3.978131,7.057427,Sandy Clay Loam,20,1.33,48.4,35.6,402.4,8,80.5,53.6,98.5,1.5,11.2,7.2,7.2,3.1,5.7,61,15,1.7
3.978743,7.038106,Sandy Loam,18,1.35,65.7,35.6,491.7,7.2,89,65.7,120.5,1.4,11.2,8,7.2,2.7,5.6,63,14,1.5
3.978155,7.037625,Sandy Loam,18,1.36,72.7,39.4,444.9,9,89,59.3,108.9,1.5,11.2,8,6.4,2.7,5.7,60,14,1.5
3.977567,7.037143,Sandy Loam,19,1.36,72.7,39.4,364,8,80.5,59.3,98.5,1.6,10,8,6.4,3.1,5.6,63,13,1.5
3.97625,7.037186,Sandy Loam,18,1.34,72.7,39.4,364,8,80.5,53.6,98.5,1.5,11.2,8,6.4,3.1,5.6,63,14,2
3.975076,7.037102,Sandy Loam,18,1.35,72.7,35.6,364,7.2,98.5,59.3,89,1.6,10,8,6.4,3.1,5.5,60,13,1.5
3.975503,7.036406,Sandy Loam,17,1.34,72.7,43.7,402.4,7.2,80.5,59.3,98.5,1.6,10,8,6.4,3.1,5.5,62,13,1.5
3.976848,7.036403,Sandy Loam,19,1.36,72.7,39.4,402.4,8,80.5,59.3,98.5,1.6,10,8,6.4,3.1,5.6,61,14,1.7
3.977703,7.036475,Sandy Loam,17,1.34,72.7,39.4,402.4,7.2,80.5,59.3,89,1.6,10,8,6.4,2.7,5.6,62,14,1.7
3.978762,7.036957,Sandy Loam,18,1.35,72.7,43.7,364,7.2,89,59.3,133.3,1.4,11.2,7.2,6.4,2.7,5.7,62,14,1.5
3.979593,7.036358,Sandy Loam,18,1.33,72.7,35.6,402.4,7.2,89,59.3,108.9,1.6,10,8,6.4,3.1,5.7,63,14,2.3
3.979381,7.037193,Sandy Loam,19,1.36,72.7,35.6,402.4,7.2,89,59.3,98.5,1.7,10,7.2,6.4,2.7,5.6,64,14,1.7
3.981075,7.037064,Sandy Clay Loam,20,1.34,65.7,39.4,444.9,8,80.5,59.3,108.9,1.8,11.2,7.2,7.2,2.7,5.7,61,14,1.7
3.981708,7.036193,Sandy Loam,19,1.36,59.3,39.4,364,9,80.5,59.3,108.9,1.6,11.2,7.2,7.2,2.7,5.6,59,13,1.7
3.982181,7.035524,Sandy Loam,19,1.34,65.7,35.6,364,8,89,59.3,108.9,1.6,11.2,7.2,7.2,3.1,5.6,59,13,2
3.982507,7.034499,Sandy Loam,18,1.34,65.7,35.6,402.4,8,89,59.3,108.9,1.8,12.5,8,9,2.7,5.7,62,13,2
3.984408,7.034387,Sandy Loam,16,1.36,65.7,39.4,402.4,8,89,59.3,98.5,1.7,12.5,7.2,7.2,2.7,5.6,60,14,1.7
3.983393,7.033351,Sandy Loam,18,1.35,72.7,35.6,491.7,9,89,59.3,108.9,1.6,11.2,7.2,7.2,2.7,5.6,61,14,2
3.984194,7.033267,Sandy Loam,19,1.34,65.7,39.4,402.4,9,89,59.3,120.5,1.6,11.2,8,7.2,2.7,5.7,62,15,1.5
3.985012,7.034606,Sandy Clay Loam,20,1.35,65.7,39.4,444.9,8,89,59.3,98.5,1.6,12.5,8,7.2,2.7,5.5,59,14,2.3
3.985742,7.035761,Sandy Loam,17,1.36,65.7,35.6,402.4,8,89,59.3,98.5,1.6,11.2,8,8,2.7,5.6,61,14,2.3
3.987046,7.036821,Sandy Loam,18,1.36,65.7,35.6,364,8,89,65.7,108.9,1.6,10,8,7.2,2.7,5.6,62,14,2
3.984432,7.02867,Sandy Loam,19,1.35,65.7,39.4,444.9,8,98.5,59.3,98.5,1.3,10,6.4,7.2,2.7,5.7,61,16,2
3.984727,7.027659,Sandy Loam,19,1.36,65.7,35.6,402.4,8,89,53.6,108.9,1.4,10,8,7.2,3.1,5.7,63,14,1.5
3.983999,7.026695,Sandy Loam,17,1.36,65.7,39.4,402.4,8,108.9,59.3,108.9,1.4,10,9,7.2,2.7,5.6,57,15,1.5
3.984365,7.025711,Sandy Loam,19,1.35,65.7,35.6,402.4,9,89,59.3,108.9,1.5,10,8,8,3.1,5.7,62,15,1.7
3.984798,7.024902,Sandy Loam,19,1.35,59.3,35.6,402.4,8,89,59.3,120.5,1.6,11.2,7.2,8,3.5,5.8,61,14,1.7
3.984929,7.024009,Sandy Loam,17,1.36,59.3,35.6,444.9,8,80.5,65.7,89,1.5,10,8,8,3.1,5.7,60,16,1.7
3.985597,7.024707,Sandy Loam,19,1.37,59.3,39.4,402.4,9,98.5,59.3,120.5,1.6,9,8,8,3.5,5.9,61,16,1.7
3.985081,7.025958,Sandy Loam,19,1.35,65.7,39.4,329.3,9,89,59.3,98.5,1.6,9,8,8,3.1,5.6,59,14,1.7
3.987469,7.020752,Sandy Loam,18,1.35,53.6,35.6,444.9,8,80.5,59.3,108.9,1.6,10,7.2,7.2,3.1,5.8,64,14,1.5
3.986819,7.020175,Sandy Loam,19,1.36,48.4,35.6,444.9,8,89,59.3,98.5,1.6,11.2,7.2,7.2,3.1,5.7,63,15,2
3.985794,7.020777,Sandy Loam,18,1.34,53.6,39.4,364,8,89,59.3,120.5,1.6,10,7.2,7.2,2.7,5.7,60,14,1.5
3.986572,7.021119,Sandy Loam,18,1.35,53.6,39.4,402.4,8,89,65.7,108.9,1.6,10,7.2,7.2,2.7,5.7,62,14,1.7
3.985657,7.02294,Sandy Loam,19,1.36,53.6,39.4,402.4,7.2,89,59.3,108.9,1.7,10,7.2,8,2.7,5.7,64,14,2.3
3.986038,7.024994,Sandy Loam,19,1.35,59.3,32.1,402.4,8,98.5,59.3,108.9,1.6,10,7.2,8,3.5,5.8,60,15,1.7
3.985637,7.0262,Sandy Loam,19,1.36,59.3,32.1,402.4,8,98.5,59.3,108.9,1.6,10,7.2,7.2,3.1,5.7,60,14,1.7
3.985531,7.027174,Sandy Loam,19,1.34,65.7,35.6,364,9,89,53.6,108.9,1.4,10,7.2,6.4,2.7,5.7,60,16,1.2
3.98545,7.028031,Sandy Loam,20,1.32,65.7,43.7,364,7.2,108.9,59.3,98.5,1.4,10,8,8,3.1,5.5,59,14,1.5
3.985397,7.028841,Sandy Loam,17,1.35,65.7,39.4,329.3,8,120.5,59.3,98.5,1.5,11.2,8,7.2,2.7,5.4,61,14,1.2
4.060897,6.942036,Sandy Loam,15,1.34,89,35.6,329.3,9,108.9,59.3,89,1.6,10,7.2,8,2.3,5.5,65,13,1.5
4.059459,6.941439,Sandy Loam,19,1.34,80.5,39.4,364,10,89,65.7,89,1.6,10,7.2,8,2.7,5.4,62,12,2
4.059458,6.940229,Sandy Loam,16,1.34,98.5,39.4,364,8,89,65.7,80.5,1.6,10,7.2,8,2.7,5.5,65,13,1.5
4.058833,6.938386,Sandy Loam,19,1.32,98.5,32.1,402.4,8,89,65.7,89,1.7,11.2,7.2,8,2.7,5.6,64,14,2.3
4.059684,6.937816,Sandy Loam,17,1.32,98.5,43.7,402.4,9,98.5,65.7,98.5,1.5,11.2,7.2,7.2,2.3,5.5,63,14,1.7
4.058309,6.936937,Sandy Loam,19,1.34,98.5,35.6,297.9,8,98.5,65.7,80.5,1.7,11.2,8,9,3.1,5.5,61,13,2.3
4.059546,6.936015,Sandy Loam,16,1.32,98.5,39.4,364,7.2,98.5,65.7,80.5,1.9,11.2,7.2,8,2.7,5.6,62,13,1.7
4.058736,6.935045,Sandy Loam,18,1.37,89,35.6,364,8,89,65.7,80.5,1.8,9,7.2,8,2.7,5.6,61,14,1.5
4.058853,6.93327,Sandy Loam,19,1.34,98.5,35.6,364,8,98.5,59.3,80.5,1.5,11.2,6.4,8,2.7,5.5,65,14,1.5
4.058575,6.932926,Sandy Loam,18,1.35,98.5,35.6,329.3,8,98.5,59.3,72.7,1.6,11.2,7.2,8,2.7,5.4,60,13,1.5
4.058624,6.931996,Sandy Loam,19,1.32,98.5,35.6,402.4,8,98.5,65.7,89,1.7,11.2,7.2,9,2.7,5.5,64,15,2
4.059094,6.932273,Sandy Loam,17,1.35,98.5,32.1,364,8,98.5,65.7,72.7,1.7,11.2,8,8,2.3,5.7,62,14,1.5
4.059992,6.933123,Sandy Loam,18,1.34,89,39.4,364,9,89,65.7,72.7,1.6,11.2,6.4,7.2,2.7,5.5,63,13,1.7
4.060319,6.935473,Sandy Loam,17,1.34,98.5,39.4,402.4,8,89,72.7,80.5,1.6,11.2,6.4,8,2.7,5.6,63,13,1.7
4.061565,6.937802,Sandy Loam,17,1.33,89,35.6,402.4,8,98.5,65.7,80.5,1.7,10,7.2,8,2.3,5.5,62,13,2.3
4.062811,6.940131,Sandy Loam,16,1.33,89,35.6,402.4,9,98.5,59.3,89,1.5,10,7.2,8,2.3,5.5,62,14,1.7
4.061836,6.938982,Sandy Loam,17,1.33,89,35.6,402.4,8,89,59.3,89,1.5,10,7.2,7.2,2.7,5.5,65,13,1.7
4.059138,6.939557,Sandy Loam,18,1.33,98.5,39.4,364,9,89,65.7,98.5,1.8,11.2,6.4,8,2.7,5.6,65,13,2
4.060797,6.937109,Sandy Loam,18,1.34,89,39.4,364,8,80.5,59.3,89,1.8,11.2,7.2,8,2.3,5.6,63,13,2
4.06284,6.936068,Sandy Loam,18,1.34,89,35.6,329.3,8,98.5,65.7,72.7,1.5,11.2,7.2,7.2,2.3,5.5,61,13,2.7
4.064128,6.937115,Sandy Loam,16,1.33,80.5,35.6,364,9,98.5,59.3,89,1.6,10,7.2,7.2,2.3,5.5,67,14,1.7
4.066419,6.937433,Sandy Loam,18,1.34,89,35.6,329.3,8,80.5,65.7,89,1.9,10,7.2,8,2.7,5.6,64,14,2.3
4.067535,6.936923,Sandy Loam,16,1.33,80.5,35.6,364,8,98.5,59.3,98.5,1.5,10,7.2,7.2,2.3,5.4,65,14,1.5
4.072429,6.939009,Sandy Loam,17,1.35,89,39.4,402.4,8,89,65.7,98.5,1.6,11.2,7.2,8,2.7,5.5,65,14,2.3
4.073503,6.939218,Sandy Loam,16,1.36,89,35.6,364,8,80.5,59.3,80.5,1.5,11.2,6.4,7.2,2.7,5.5,64,12,2
4.074629,6.939353,Sandy Loam,17,1.38,98.5,39.4,402.4,8,89,65.7,98.5,1.5,11.2,6.4,8,2.7,5.7,64,14,2.3
4.074629,6.940361,Sandy Loam,17,1.35,98.5,32.1,402.4,8,89,65.7,89,1.6,12.5,6.4,8,3.1,5.5,64,14,3.1
4.074058,6.941949,Sandy Loam,16,1.34,89,35.6,444.9,8,89,65.7,108.9,1.5,11.2,6.4,8,2.7,5.6,62,14,1.7
4.069537,6.944834,Sandy Loam,16,1.32,89,35.6,402.4,8,80.5,65.7,89,1.6,10,6.4,8,2.7,5.6,62,13,2
4.069291,6.946099,Sandy Loam,16,1.33,89,32.1,402.4,8,80.5,59.3,80.5,1.6,10,7.2,8,2.3,5.7,65,14,2.3
4.067746,6.947716,Sandy Loam,17,1.35,98.5,39.4,402.4,8,80.5,65.7,98.5,1.7,11.2,7.2,8,2.7,5.6,63,14,1.7
4.065463,6.947114,Sandy Loam,19,1.34,89,39.4,364,8,89,59.3,89,1.6,10,6.4,8,3.1,5.5,66,14,2
4.064681,6.947335,Sandy Loam,18,1.34,89,39.4,329.3,8,89,59.3,89,1.6,10,6.4,8,3.1,5.5,64,13,2
3.078918,6.942328,Sandy Loam,19,1.36,108.9,29,543.6,9,80.5,72.7,98.5,1.4,11.2,6.4,7.2,2.7,5.8,64,11,2.3
3.081687,6.943234,Sandy Loam,16,1.39,98.5,26.1,600.8,8,80.5,72.7,108.9,1.1,10,6.4,7.2,2.3,5.7,65,12,1.5
3.085981,6.944857,Sandy Loam,17,1.37,89,26.1,600.8,10,80.5,59.3,120.5,1.1,10,8,7.2,2.3,5.7,63,14,1.2
3.084657,6.942968,Sandy Loam,18,1.4,89,29,491.7,9,89,72.7,108.9,1.2,10,6.4,6.4,2.3,5.8,67,13,1.5
3.082155,6.941881,Sandy Loam,18,1.35,108.9,29,600.8,8,80.5,65.7,120.5,1.1,10,7.2,6.4,2.7,5.6,64,11,1.7
3.079761,6.94058,Sandy Loam,17,1.34,89,29,543.6,9,80.5,72.7,120.5,1.3,11.2,5.7,7.2,2.3,5.8,62,11,1.5
3.078797,6.939592,Sandy Loam,20,1.31,98.5,29,491.7,8,80.5,65.7,108.9,1.7,11.2,7.2,7.2,2.7,5.7,62,11,1.7
3.079967,6.938899,Sandy Loam,20,1.26,98.5,32.1,444.9,8,80.5,72.7,108.9,1.6,11.2,6.4,9,2.7,5.7,60,12,1.7
3.082131,6.939535,Sandy Loam,18,1.33,108.9,32.1,543.6,8,80.5,65.7,108.9,1.5,10,7.2,7.2,2.3,5.7,62,11,1.7
3.084298,6.941264,Sandy Loam,19,1.36,98.5,32.1,543.6,9,89,72.7,120.5,1.4,10,7.2,9,2.3,5.6,64,13,1.7
3.0864,6.940509,Sandy Loam,18,1.39,80.5,26.1,600.8,9,98.5,59.3,98.5,1.3,9,7.2,7.2,2.3,5.7,62,13,1.7
3.079616,6.937518,Sandy Loam,19,1.38,98.5,32.1,491.7,8,80.5,65.7,120.5,1.6,11.2,7.2,6.4,2.3,5.8,64,14,2
3.079252,6.935612,Sandy Clay Loam,20,1.33,80.5,29,543.6,8,89,65.7,108.9,1.3,11.2,7.2,6.4,2.7,5.8,63,12,1.5
3.078997,6.934234,Sandy Loam,20,1.34,89,29,543.6,8,80.5,65.7,120.5,1.5,9,7.2,6.4,2.3,5.8,63,13,2.3
3.084795,6.93022,Sandy Loam,19,1.37,72.7,32.1,543.6,8,80.5,65.7,108.9,1.7,10,6.4,6.4,3.1,5.8,64,10,2
3.085227,6.932335,Sandy Clay Loam,21,1.33,72.7,29,491.7,8,89,72.7,108.9,1.4,11.2,6.4,6.4,2.7,5.6,58,10,2
3.085776,6.932897,Sandy Loam,18,1.35,65.7,29,543.6,8,80.5,65.7,108.9,1.4,10,5.7,6.4,3.1,5.7,63,10,2.3
3.084634,6.934332,Sandy Loam,16,1.33,72.7,29,491.7,8,72.7,72.7,120.5,1.3,10,6.4,6.4,2.7,5.7,64,12,1.7
3.083623,6.933496,Sandy Loam,17,1.35,72.7,29,491.7,8,80.5,65.7,120.5,1.6,10,7.2,6.4,2.7,5.9,65,12,1.7
3.082375,6.931279,Sandy Loam,19,1.33,59.3,29,543.6,8,80.5,65.7,108.9,1.4,10,5.7,6.4,2.7,5.8,66,11,2
3.073746,6.938563,Sandy Clay Loam,21,1.3,89,39.4,543.6,9,80.5,72.7,108.9,1.9,11.2,6.4,7.2,2.7,5.9,60,12,2.3
3.075927,6.939632,Sandy Loam,19,1.3,89,35.6,491.7,9,80.5,65.7,108.9,1.7,11.2,7.2,7.2,2.7,5.7,61,12,1.7
3.077427,6.938424,Sandy Loam,18,1.35,89,29,543.6,8,80.5,65.7,108.9,1.6,10,6.4,7.2,2.3,5.8,62,11,2
3.076369,6.937316,Sandy Clay Loam,20,1.3,89,29,543.6,9,80.5,65.7,120.5,1.6,10,6.4,6.4,2.7,5.8,64,10,1.7
3.076954,6.934247,Sandy Loam,19,1.32,80.5,29,543.6,8,98.5,65.7,98.5,1.5,10,6.4,7.2,2.3,5.8,65,13,2
2.91609,7.436624,Sandy Loam,12,1.34,89,21.2,664.1,7.2,65.7,65.7,133.3,1.1,10,7.2,5.7,2.7,6.1,70,13,3.5
2.917461,7.433768,Sandy Loam,12,1.35,98.5,17.2,664.1,7.2,72.7,72.7,133.3,0.9,9,7.2,6.4,2.3,6.1,72,14,4
2.920771,7.431113,Sandy Loam,14,1.34,89,19.1,543.6,7.2,65.7,65.7,133.3,0.9,8,8,5.7,2.3,6,70,14,3.1
2.919961,7.428213,Sandy Loam,12,1.33,89,21.2,600.8,7.2,65.7,65.7,120.5,0.9,8,7.2,5.7,2.3,6,70,14,3.1
2.92226,7.428618,Sandy Loam,13,1.32,98.5,17.2,600.8,6.4,65.7,65.7,108.9,0.9,8,7.2,5.7,2.3,6.1,73,15,3.5
2.917186,7.429985,Sandy Loam,13,1.34,98.5,19.1,600.8,6.4,65.7,65.7,120.5,0.9,9,7.2,6.4,2.3,6.1,69,13,3.1
2.914566,7.431826,Sandy Loam,11,1.34,89,21.2,664.1,7.2,65.7,65.7,120.5,0.9,9,7.2,5.7,2.3,6.1,72,16,3.5
2.911502,7.431111,Sandy Loam,14,1.35,89,19.1,600.8,8,65.7,72.7,120.5,0.8,9,7.2,6.4,2.7,6.1,70,14,3.1
2.913235,7.429281,Sandy Loam,13,1.36,89,15.4,600.8,7.2,72.7,72.7,120.5,0.9,9,7.2,5.7,2.3,6.1,71,15,3.1
2.91299,7.428138,Sandy Loam,12,1.32,89,15.4,543.6,6.4,65.7,65.7,120.5,0.8,8,8,5.7,2.7,6,70,15,3.5
2.91319,7.426456,Sandy Loam,12,1.32,98.5,17.2,543.6,7.2,72.7,65.7,120.5,0.8,9,7.2,5,2.3,6.1,70,16,4.5
2.909523,7.425767,Sandy Loam,12,1.34,98.5,19.1,600.8,6.4,72.7,72.7,120.5,1,9,7.2,5.7,2.3,6.1,67,15,3.5
2.909925,7.428118,Sandy Loam,14,1.32,89,21.2,600.8,7.2,72.7,72.7,120.5,0.9,9,7.2,5.7,2.7,6.1,67,14,2.7
2.911564,7.42748,Sandy Loam,14,1.34,80.5,15.4,600.8,7.2,65.7,65.7,147.4,0.9,8,7.2,5.7,2.3,6.1,69,15,3.5
2.910396,7.430194,Sandy Loam,12,1.32,80.5,19.1,543.6,7.2,65.7,65.7,133.3,1,9,7.2,5,2.3,6.1,72,14,4
2.90762,7.429177,Sandy Loam,12,1.34,98.5,19.1,600.8,6.4,65.7,72.7,147.4,0.8,9,7.2,5,2.7,6,67,14,2.7
2.90701,7.427305,Sandy Loam,11,1.33,98.5,19.1,600.8,7.2,72.7,72.7,133.3,0.9,8,7.2,5,2.3,6.1,71,14,3.5
2.907359,7.425575,Sandy Loam,13,1.34,98.5,19.1,664.1,7.2,72.7,72.7,133.3,0.9,9,7.2,5.7,2.7,6,66,16,2.7
2.90555,7.42522,Sandy Loam,14,1.33,98.5,15.4,543.6,7.2,65.7,65.7,120.5,1.1,8,8,5.7,2.3,6.1,70,16,4.5
2.905238,7.427177,Sandy Loam,12,1.34,89,21.2,664.1,7.2,59.3,72.7,147.4,1,9,7.2,5.7,2.7,6.2,65,14,3.5
2.904925,7.429134,Sandy Loam,12,1.37,98.5,21.2,664.1,7.2,65.7,72.7,133.3,0.9,9,8,5.7,2.7,6.1,65,14,2.7
2.903762,7.42763,Sandy Loam,11,1.34,98.5,23.5,664.1,7.2,65.7,65.7,133.3,0.8,9,7.2,5,2.7,6.1,71,15,3.1
2.903763,7.425642,Sandy Loam,13,1.31,89,21.2,600.8,8,72.7,65.7,120.5,0.9,9,7.2,5,2.7,6.1,67,15,3.5
2.901662,7.425375,Sandy Loam,12,1.33,89,21.2,543.6,8,72.7,65.7,133.3,0.8,9,7.2,5.7,2.7,6.1,65,15,3.5
2.902597,7.426756,Sandy Loam,13,1.33,98.5,17.2,664.1,6.4,65.7,72.7,120.5,1,8,7.2,5,2.7,6.1,70,13,4.5
2.899548,7.404008,Sandy Loam,15,1.33,98.5,21.2,664.1,8,65.7,80.5,133.3,0.9,9,7.2,5.7,3.1,6.1,69,13,4
2.898542,7.402123,Sandy Loam,12,1.33,108.9,17.2,664.1,7.2,65.7,72.7,133.3,0.8,8,7.2,5.7,2.7,6.1,70,14,3.5
2.895815,7.399179,Sandy Loam,10,1.34,89,23.5,664.1,7.2,65.7,72.7,120.5,0.9,9,7.2,5.7,2.3,6.1,70,14,4
2.89232,7.402143,Sandy Loam,12,1.37,108.9,23.5,600.8,7.2,72.7,65.7,133.3,0.8,9,8,5.7,2.3,6.1,69,15,3.1
2.892776,7.405362,Sandy Loam,13,1.32,98.5,17.2,600.8,7.2,65.7,72.7,147.4,0.8,8,7.2,6.4,2.7,6.1,71,16,3.5
2.894447,7.406327,Sandy Loam,13,1.33,108.9,17.2,600.8,7.2,72.7,65.7,133.3,0.8,9,7.2,5.7,2.3,6,69,15,4
2.895385,7.40758,Sandy Loam,12,1.32,108.9,19.1,664.1,7.2,72.7,72.7,120.5,0.9,9,8,5.7,2.3,6.1,68,14,3.5
2.895027,7.397033,Sandy Loam,12,1.36,98.5,19.1,600.8,7.2,65.7,65.7,120.5,0.8,9,7.2,5.7,2.7,6.1,68,15,3.1
2.898215,7.398739,Sandy Loam,13,1.37,98.5,21.2,664.1,8,65.7,72.7,133.3,0.9,9,7.2,5.7,2.7,6.1,66,15,3.1
2.89629,7.401753,Sandy Loam,12,1.35,108.9,21.2,600.8,7.2,72.7,72.7,108.9,0.8,8,6.4,5.7,2.3,6,71,14,4.5
2.896649,7.403588,Sandy Loam,11,1.35,108.9,19.1,664.1,7.2,65.7,65.7,133.3,0.9,8,7.2,5.7,2.7,6.1,69,16,3.5
2.897867,7.405065,Sandy Loam,13,1.32,98.5,19.1,664.1,7.2,65.7,72.7,120.5,0.9,8,6.4,5.7,2.7,6.1,65,13,3.5
2.892063,7.409166,Sandy Loam,13,1.34,98.5,19.1,600.8,7.2,65.7,72.7,147.4,0.8,9,7.2,5.7,2.7,6.1,70,15,3.5
2.884819,7.414132,Sandy Loam,11,1.36,98.5,21.2,600.8,7.2,72.7,72.7,133.3,0.7,8,8,5,3.1,6.1,72,14,3.5
2.884356,7.411777,Sandy Loam,11,1.35,108.9,21.2,664.1,7.2,65.7,72.7,120.5,0.8,9,7.2,5,2.3,6.2,70,16,3.1
2.885344,7.409641,Sandy Loam,11,1.31,98.5,21.2,600.8,7.2,65.7,80.5,108.9,0.9,8,7.2,5.7,2.3,6.1,70,14,2.7
2.889499,7.410206,Sandy Loam,13,1.35,98.5,19.1,600.8,7.2,72.7,72.7,133.3,0.8,9,7.2,5,2.3,6.1,71,15,4
2.890325,7.406337,Sandy Loam,15,1.33,98.5,17.2,600.8,7.2,72.7,80.5,133.3,0.9,8,8,6.4,2.7,6.1,66,16,3.5
2.891806,7.405321,Sandy Loam,12,1.34,98.5,21.2,664.1,8,65.7,80.5,147.4,0.8,8,7.2,6.4,2.7,6.1,68,14,3.5
2.890896,7.404202,Sandy Loam,13,1.32,98.5,21.2,600.8,8,65.7,80.5,147.4,0.8,9,7.2,6.4,3.1,6.2,69,14,3.5
2.891378,7.407119,Sandy Loam,13,1.32,98.5,19.1,664.1,7.2,65.7,72.7,133.3,0.9,8,8,6.4,2.7,6.1,69,14,3.5
2.892421,7.40725,Sandy Loam,12,1.33,98.5,21.2,664.1,7.2,65.7,72.7,120.5,0.9,9,8,5.7,2.7,6.1,68,14,3.1
2.890546,7.410621,Sandy Loam,12,1.34,89,17.2,664.1,7.2,65.7,72.7,133.3,0.9,8,7.2,5,2.3,6.1,70,14,3.5
2.887818,7.412435,Sandy Loam,12,1.34,89,17.2,600.8,7.2,65.7,72.7,133.3,0.9,8,7.2,5,2.7,6.1,69,14,3.1
2.886007,7.41401,Sandy Loam,11,1.35,98.5,19.1,600.8,6.4,65.7,65.7,120.5,0.8,9,7.2,5,2.7,6.2,70,14,3.1
2.841934,6.7869,Sandy Loam,16,1.42,147.4,35.6,491.7,8,80.5,59.3,108.9,1.2,10,7.2,6.4,2.3,5.6,67,9,1.2
2.839555,6.786071,Sandy Loam,18,1.42,120.5,32.1,543.6,7.2,89,59.3,120.5,1.2,10,6.4,7.2,2.7,5.7,68,10,1.5
2.84118,6.787633,Sandy Loam,14,1.43,133.3,35.6,543.6,8,80.5,65.7,108.9,1.1,10,7.2,6.4,2.7,5.7,69,9,1.5
2.839412,6.787179,Sandy Loam,17,1.38,120.5,32.1,491.7,8,89,65.7,98.5,1.1,10,6.4,7.2,2.7,5.6,67,9,1.5
2.838393,6.788228,Sandy Loam,18,1.42,120.5,35.6,543.6,7.2,80.5,65.7,120.5,1.2,9,6.4,6.4,2.7,5.7,67,10,1.5
2.893013,6.804706,Sandy Clay Loam,21,1.37,98.5,32.1,664.1,9,89,80.5,120.5,2.1,10,7.2,5.7,3.1,5.5,63,14,1.5
3.722806,7.374662,Sandy Loam,16,1.37,65.7,29,600.8,8,72.7,65.7,147.4,1.6,10,6.4,5.7,2.3,6,61,16,1.7
3.717373,7.370563,Sandy Loam,17,1.35,72.7,23.5,491.7,6.4,89,65.7,120.5,1.2,8,6.4,4.5,2,6,63,14,2.3
3.717981,7.371631,Sandy Loam,15,1.37,65.7,23.5,543.6,7.2,72.7,59.3,108.9,1.2,9,7.2,5,2,6,62,15,3.1
3.717118,7.373608,Sandy Loam,16,1.34,72.7,32.1,543.6,7.2,72.7,65.7,108.9,1.5,10,6.4,5.7,2.3,5.9,60,13,2
3.717718,7.377205,Sandy Loam,14,1.35,59.3,23.5,543.6,7.2,80.5,65.7,133.3,1.2,10,6.4,5.7,2.3,6.1,66,16,2.7
3.717767,7.378564,Sandy Loam,15,1.35,59.3,23.5,600.8,6.4,72.7,65.7,147.4,1.4,10,7.2,5.7,2.3,6,66,15,2.3
3.814776,7.473592,Sandy Loam,16,1.35,59.3,19.1,444.9,6.4,65.7,59.3,89,1.2,10,9,5.7,2,6,66,15,6.4
3.815544,7.47545,Sandy Loam,16,1.32,53.6,17.2,402.4,5.7,65.7,59.3,98.5,1,8,6.4,5.7,2.3,5.9,67,14,6.4
3.81628,7.475674,Sandy Loam,18,1.37,59.3,19.1,444.9,6.4,65.7,59.3,98.5,1.2,9,7.2,5.7,2.7,5.9,62,16,5.7
3.816438,7.474936,Sandy Loam,17,1.35,53.6,19.1,402.4,5.7,72.7,59.3,108.9,1.1,9,8,5.7,2.3,6,66,16,6.4
3.817026,7.474094,Sandy Loam,17,1.35,53.6,17.2,364,6.4,65.7,59.3,108.9,1.2,9,7.2,5.7,2,6,66,14,4.5
3.816992,7.486718,Sandy Loam,18,1.34,59.3,15.4,444.9,6.4,65.7,65.7,120.5,1.1,9,8,5.7,2.3,5.9,63,15,4.5
3.818434,7.486294,Sandy Loam,18,1.31,48.4,15.4,444.9,5.7,72.7,53.6,108.9,1,9,7.2,5.7,2.3,6,66,15,4.5
3.81931,7.484596,Sandy Loam,17,1.35,48.4,13.9,444.9,5.7,65.7,59.3,108.9,1.1,8,8,5,2,5.9,69,15,4.5
3.743024,7.589802,Sandy Loam,19,1.28,72.7,26.1,664.1,7.2,72.7,80.5,133.3,1.7,11.2,6.4,6.4,2.7,5.9,59,16,2
3.744162,7.590856,Sandy Loam,19,1.31,72.7,29,664.1,7.2,65.7,80.5,120.5,1.7,12.5,6.4,6.4,2.7,6,59,15,2
3.745186,7.591478,Sandy Loam,18,1.28,72.7,29,600.8,7.2,65.7,80.5,133.3,1.7,11.2,6.4,7.2,3.1,5.8,59,15,2.7
3.742432,7.590494,Sandy Loam,19,1.3,72.7,26.1,664.1,8,65.7,80.5,133.3,1.7,11.2,7.2,7.2,2.7,5.8,59,15,1.7
3.742708,7.591224,Sandy Loam,18,1.32,80.5,26.1,600.8,7.2,65.7,89,133.3,1.7,12.5,7.2,6.4,2.7,5.7,59,15,2.3
3.743028,7.592232,Sandy Clay Loam,21,1.28,65.7,21.2,543.6,6.4,65.7,89,120.5,1.6,11.2,7.2,7.2,2.7,5.7,57,15,2.3
3.670884,7.589734,Sandy Loam,17,1.31,108.9,21.2,664.1,7.2,80.5,80.5,133.3,1.6,10,7.2,5.7,2,5.9,59,15,1.7
3.671899,7.5887,Sandy Loam,13,1.31,98.5,26.1,664.1,7.2,72.7,80.5,120.5,1.5,10,7.2,6.4,2.7,6,62,13,2
3.673102,7.668551,Sandy Loam,13,1.31,98.5,19.1,491.7,6.4,65.7,65.7,133.3,0.9,8,8,6.4,2.3,6.1,65,17,2.3
3.675543,7.586971,Sandy Loam,19,1.32,89,26.1,543.6,8,65.7,89,120.5,1.6,11.2,7.2,6.4,3.1,6,63,13,2.7
3.672168,7.59136,Sandy Loam,18,1.31,108.9,26.1,664.1,8,80.5,89,120.5,1.5,11.2,7.2,6.4,2.3,5.9,61,14,2
3.671918,7.58971,Sandy Loam,18,1.3,108.9,29,600.8,7.2,80.5,80.5,120.5,1.6,11.2,7.2,6.4,2.3,5.9,60,13,2.3
3.673858,7.589196,Sandy Loam,19,1.3,108.9,26.1,811.4,8,59.3,80.5,133.3,1.6,11.2,6.4,6.4,2.3,6,62,14,2.3
3.676748,7.587446,Sandy Loam,18,1.3,98.5,29,600.8,8,65.7,89,133.3,1.5,11.2,6.4,6.4,2.7,5.9,60,13,2.3
3.584204,7.494632,Sandy Loam,16,1.3,89,23.5,664.1,8,72.7,80.5,147.4,1.3,9,7.2,5.7,2.3,6.2,62,17,2
3.58283,7.495654,Sandy Loam,16,1.33,89,23.5,734.1,7.2,80.5,72.7,133.3,1.2,9,8,6.4,2,6.1,60,17,1.5
3.588722,7.495352,Sandy Loam,17,1.31,72.7,19.1,600.8,6.4,80.5,80.5,133.3,1.1,9,8,6.4,2,6.2,64,17,2.3
3.5891,7.494654,Sandy Loam,14,1.31,89,17.2,600.8,7.2,72.7,80.5,133.3,1,8,10,6.4,2,6.2,67,16,3.1
3.583723,7.494013,Sandy Loam,16,1.31,80.5,23.5,664.1,7.2,65.7,72.7,163,1.2,8,7.2,5.7,2.3,6.1,61,16,2.3
3.581827,7.495195,Sandy Loam,15,1.32,89,21.2,664.1,6.4,72.7,80.5,163,1,8,7.2,6.4,2.3,6.1,64,15,1.5
3.581256,7.495921,Sandy Loam,15,1.3,80.5,26.1,664.1,8,72.7,80.5,147.4,1.1,8,8,6.4,2,6.1,64,15,1.5
3.586321,7.494817,Sandy Loam,15,1.32,80.5,19.1,600.8,7.2,80.5,72.7,133.3,1,8,9,6.4,2,6.1,65,17,2
3.586924,7.493852,Sandy Loam,17,1.33,80.5,21.2,600.8,7.2,80.5,72.7,147.4,1,9,8,6.4,2.3,6.1,60,17,2
3.72569,7.90621,Sandy Loam,14,1.28,120.5,12.5,543.6,5.7,65.7,80.5,108.9,0.8,7.2,8,6.4,2.3,6.2,67,15,3.1
3.72569,7.90621,Sandy Loam,14,1.28,120.5,12.5,543.6,5.7,65.7,80.5,108.9,0.8,7.2,8,6.4,2.3,6.2,67,15,3.1
3.72395,7.90704,Sandy Loam,13,1.26,120.5,15.4,600.8,6.4,72.7,80.5,120.5,0.9,8,8,6.4,2,6.3,62,15,2
3.72395,7.90704,Sandy Loam,13,1.26,120.5,15.4,600.8,6.4,72.7,80.5,120.5,0.9,8,8,6.4,2,6.3,62,15,2
3.72527,7.90708,Sandy Loam,12,1.28,120.5,12.5,543.6,5.7,65.7,72.7,108.9,0.8,7.2,8,6.4,2,6.2,68,17,3.5
3.72527,7.90708,Sandy Loam,12,1.28,120.5,12.5,543.6,5.7,65.7,72.7,108.9,0.8,7.2,8,6.4,2,6.2,68,17,3.5
3.72374,7.90148,Sandy Loam,13,1.31,108.9,15.4,543.6,6.4,65.7,80.5,133.3,0.7,6.4,8,6.4,2,6.2,67,15,3.5
3.72374,7.90148,Sandy Loam,13,1.31,108.9,15.4,543.6,6.4,65.7,80.5,133.3,0.7,6.4,8,6.4,2,6.2,67,15,3.5
3.72514,7.90039,Sandy Loam,12,1.3,108.9,12.5,491.7,5,65.7,72.7,120.5,0.6,6.4,9,6.4,1.7,6.1,69,17,4.5
3.72514,7.90039,Sandy Loam,12,1.3,108.9,12.5,491.7,5,65.7,72.7,120.5,0.6,6.4,9,6.4,1.7,6.1,69,17,4.5
3.41514,7.81439,Sandy Loam,11,1.32,108.9,12.5,543.6,5.7,65.7,72.7,120.5,0.7,6.4,8,5.7,2,6.1,71,17,4
3.41514,7.81439,Sandy Loam,11,1.32,108.9,12.5,543.6,5.7,65.7,72.7,120.5,0.7,6.4,8,5.7,2,6.1,71,17,4
3.41537,7.8162,Sandy Loam,11,1.33,98.5,11.2,543.6,6.4,59.3,65.7,120.5,0.7,6.4,9,5.7,1.7,6,69,17,5
3.41537,7.8162,Sandy Loam,11,1.33,98.5,11.2,543.6,6.4,59.3,65.7,120.5,0.7,6.4,9,5.7,1.7,6,69,17,5
3.41737,7.81972,Sandy Loam,12,1.32,98.5,11.2,491.7,5.7,65.7,72.7,108.9,0.7,5.7,9,5.7,2,6,69,16,8
3.41737,7.81972,Sandy Loam,12,1.32,98.5,11.2,491.7,5.7,65.7,72.7,108.9,0.7,5.7,9,5.7,2,6,69,16,8
3.6594,8.1702,Sandy Loam,12,1.25,120.5,12.5,491.7,5.7,59.3,80.5,120.5,0.9,7.2,8,5,2,6.2,66,17,4.5
3.6594,8.1702,Sandy Loam,12,1.25,120.5,12.5,491.7,5.7,59.3,80.5,120.5,0.9,7.2,8,5,2,6.2,66,17,4.5
3.66101,8.16828,Sandy Loam,12,1.26,120.5,15.4,491.7,5,65.7,72.7,120.5,1,7.2,7.2,5,2,6.2,64,17,4
3.66101,8.16828,Sandy Loam,12,1.26,120.5,15.4,491.7,5,65.7,72.7,120.5,1,7.2,7.2,5,2,6.2,64,17,4
3.6611,8.16595,Sandy Loam,15,1.24,120.5,13.9,491.7,6.4,72.7,72.7,120.5,0.9,8,9,5,2,6.1,63,19,3.1
3.6611,8.16595,Sandy Loam,15,1.24,120.5,13.9,491.7,6.4,72.7,72.7,120.5,0.9,8,9,5,2,6.1,63,19,3.1
3.65991,8.16499,Sandy Loam,17,1.23,120.5,15.4,491.7,5.7,72.7,72.7,147.4,1,8,9,5.7,1.7,6.2,64,19,3.5
3.65991,8.16499,Sandy Loam,17,1.23,120.5,15.4,491.7,5.7,72.7,72.7,147.4,1,8,9,5.7,1.7,6.2,64,19,3.5
3.65935,8.17141,Sandy Loam,12,1.24,120.5,13.9,444.9,5.7,65.7,72.7,108.9,0.9,7.2,7.2,5,2,6.1,71,17,4.5
3.65935,8.17141,Sandy Loam,12,1.24,120.5,13.9,444.9,5.7,65.7,72.7,108.9,0.9,7.2,7.2,5,2,6.1,71,17,4.5
3.52542,8.06762,Sandy Loam,10,1.24,120.5,15.4,491.7,4.5,65.7,65.7,108.9,0.8,7.2,7.2,5.7,2,6.1,73,16,5
3.52542,8.06762,Sandy Loam,10,1.24,120.5,15.4,491.7,4.5,65.7,65.7,108.9,0.8,7.2,7.2,5.7,2,6.1,73,16,5
3.52728,8.0677,Sandy Loam,12,1.23,120.5,13.9,491.7,4.5,65.7,65.7,108.9,0.8,6.4,7.2,5.7,2,6.1,70,16,5
3.52728,8.0677,Sandy Loam,12,1.23,120.5,13.9,491.7,4.5,65.7,65.7,108.9,0.8,6.4,7.2,5.7,2,6.1,70,16,5
3.53248,8.06735,Sandy Loam,16,1.26,120.5,17.2,543.6,5.7,65.7,80.5,120.5,1,9,7.2,5.7,2.3,6.1,62,16,3.1
3.53248,8.06735,Sandy Loam,16,1.26,120.5,17.2,543.6,5.7,65.7,80.5,120.5,1,9,7.2,5.7,2.3,6.1,62,16,3.1
3.53375,8.06948,Sandy Loam,15,1.27,108.9,15.4,543.6,5.7,65.7,72.7,120.5,0.8,8,7.2,6.4,2.3,6.2,62,15,3.5
3.53375,8.06948,Sandy Loam,15,1.27,108.9,15.4,543.6,5.7,65.7,72.7,120.5,0.8,8,7.2,6.4,2.3,6.2,62,15,3.5
3.7155,7.80627,Sandy Loam,12,1.27,133.3,12.5,491.7,5,65.7,72.7,120.5,0.6,6.4,7.2,5.7,2.3,6.1,72,15,4
3.7155,7.80627,Sandy Loam,12,1.27,133.3,12.5,491.7,5,65.7,72.7,120.5,0.6,6.4,7.2,5.7,2.3,6.1,72,15,4
3.71597,7.80406,Sandy Loam,11,1.28,120.5,13.9,491.7,5.7,65.7,72.7,108.9,0.8,7.2,8,5,2.3,6.1,69,16,4.5
3.71597,7.80406,Sandy Loam,11,1.28,120.5,13.9,491.7,5.7,65.7,72.7,108.9,0.8,7.2,8,5,2.3,6.1,69,16,4.5
3.71436,7.80624,Sandy Loam,11,1.3,133.3,12.5,491.7,5,72.7,65.7,120.5,0.7,6.4,8,5.7,2.3,6,71,15,5
3.71436,7.80624,Sandy Loam,11,1.3,133.3,12.5,491.7,5,72.7,65.7,120.5,0.7,6.4,8,5.7,2.3,6,71,15,5
3.56696,7.87245,Sandy Loam,9,1.29,133.3,13.9,491.7,5,65.7,65.7,108.9,0.8,7.2,7.2,5,2,6,73,13,5
3.56696,7.87245,Sandy Loam,9,1.29,133.3,13.9,491.7,5,65.7,65.7,108.9,0.8,7.2,7.2,5,2,6,73,13,5
3.56647,7.87106,Sandy Loam,9,1.29,133.3,12.5,491.7,4.5,65.7,59.3,108.9,0.7,7.2,7.2,5.7,2,6,75,14,4.5
3.56647,7.87106,Sandy Loam,9,1.29,133.3,12.5,491.7,4.5,65.7,59.3,108.9,0.7,7.2,7.2,5.7,2,6,75,14,4.5
3.60315,7.7758,Sandy Loam,14,1.3,133.3,15.4,600.8,6.4,72.7,72.7,147.4,0.9,7.2,7.2,7.2,2.3,6.1,67,16,1.7
3.60315,7.7758,Sandy Loam,14,1.3,133.3,15.4,600.8,6.4,72.7,72.7,147.4,0.9,7.2,7.2,7.2,2.3,6.1,67,16,1.7
3.56173,7.87281,Sandy Loam,10,1.27,133.3,12.5,444.9,4.5,65.7,59.3,98.5,0.6,7.2,6.4,5.7,2.3,6.1,74,13,4.5
3.56173,7.87281,Sandy Loam,10,1.27,133.3,12.5,444.9,4.5,65.7,59.3,98.5,0.6,7.2,6.4,5.7,2.3,6.1,74,13,4.5
3.72591,7.90139,Sandy Loam,13,1.3,120.5,11.2,491.7,5.7,72.7,72.7,120.5,0.7,6.4,8,6.4,2,6.1,67,14,5
3.72591,7.90139,Sandy Loam,13,1.3,120.5,11.2,491.7,5.7,72.7,72.7,120.5,0.7,6.4,8,6.4,2,6.1,67,14,5
3.41684,7.81609,Sandy Loam,11,1.32,108.9,11.2,491.7,5.7,65.7,65.7,108.9,0.7,6.4,8,5.7,1.7,6.1,70,16,4
3.41684,7.81609,Sandy Loam,11,1.32,108.9,11.2,491.7,5.7,65.7,65.7,108.9,0.7,6.4,8,5.7,1.7,6.1,70,16,4
3.41776,7.81838,Sandy Loam,10,1.3,108.9,10,600.8,5.7,59.3,59.3,133.3,0.6,6.4,9,5.7,1.7,6.2,74,16,5
3.41776,7.81838,Sandy Loam,10,1.3,108.9,10,600.8,5.7,59.3,59.3,133.3,0.6,6.4,9,5.7,1.7,6.2,74,16,5
3.41983,7.81903,Sandy Loam,10,1.3,120.5,11.2,491.7,6.4,65.7,59.3,98.5,0.7,6.4,9,6.4,1.7,6,72,16,4
3.41983,7.81903,Sandy Loam,10,1.3,120.5,11.2,491.7,6.4,65.7,59.3,98.5,0.7,6.4,9,6.4,1.7,6,72,16,4
3.65789,8.173,Sandy Loam,12,1.23,108.9,13.9,402.4,5.7,72.7,72.7,120.5,0.9,7.2,7.2,5,2,6.2,70,16,5
3.65789,8.173,Sandy Loam,12,1.23,108.9,13.9,402.4,5.7,72.7,72.7,120.5,0.9,7.2,7.2,5,2,6.2,70,16,5
3.65811,8.17527,Sandy Loam,13,1.26,108.9,15.4,444.9,5.7,72.7,72.7,120.5,0.8,8,7.2,5,1.7,6.1,68,17,5.7
3.65811,8.17527,Sandy Loam,13,1.26,108.9,15.4,444.9,5.7,72.7,72.7,120.5,0.8,8,7.2,5,1.7,6.1,68,17,5.7
3.65963,8.17655,Sandy Loam,14,1.26,108.9,13.9,491.7,5.7,72.7,72.7,133.3,0.8,7.2,9,5,2,6.2,69,16,5
3.65963,8.17655,Sandy Loam,14,1.26,108.9,13.9,491.7,5.7,72.7,72.7,133.3,0.8,7.2,9,5,2,6.2,69,16,5
3.66039,8.17395,Sandy Loam,15,1.25,120.5,15.4,491.7,5.7,65.7,72.7,120.5,1,8,7.2,5,2,6.1,69,15,5
3.66039,8.17395,Sandy Loam,15,1.25,120.5,15.4,491.7,5.7,65.7,72.7,120.5,1,8,7.2,5,2,6.1,69,15,5
3.65998,8.17222,Sandy Loam,13,1.26,108.9,12.5,444.9,5.7,65.7,65.7,108.9,0.9,7.2,8,4.5,1.7,6.2,71,17,5
3.65998,8.17222,Sandy Loam,13,1.26,108.9,12.5,444.9,5.7,65.7,65.7,108.9,0.9,7.2,8,4.5,1.7,6.2,71,17,5
3.52513,8.06542,Sandy Loam,11,1.25,120.5,15.4,543.6,4.5,72.7,65.7,120.5,0.8,7.2,7.2,5.7,2,6.2,70,17,4
3.52513,8.06542,Sandy Loam,11,1.25,120.5,15.4,543.6,4.5,72.7,65.7,120.5,0.8,7.2,7.2,5.7,2,6.2,70,17,4
3.52734,8.06578,Sandy Loam,12,1.23,120.5,12.5,491.7,4.5,65.7,65.7,98.5,0.8,6.4,8,5.7,2,6.2,72,16,5.7
3.52734,8.06578,Sandy Loam,12,1.23,120.5,12.5,491.7,4.5,65.7,65.7,98.5,0.8,6.4,8,5.7,2,6.2,72,16,5.7
3.53096,8.06538,Sandy Loam,12,1.22,120.5,13.9,543.6,5,65.7,72.7,133.3,0.8,7.2,7.2,5.7,2.3,6.1,73,16,3.5
3.53096,8.06538,Sandy Loam,12,1.22,120.5,13.9,543.6,5,65.7,72.7,133.3,0.8,7.2,7.2,5.7,2.3,6.1,73,16,3.5
3.53261,8.06673,Sandy Loam,12,1.24,108.9,15.4,543.6,5.7,65.7,80.5,108.9,0.9,7.2,7.2,5.7,2.3,6.1,69,16,4
3.53261,8.06673,Sandy Loam,12,1.24,108.9,15.4,543.6,5.7,65.7,80.5,108.9,0.9,7.2,7.2,5.7,2.3,6.1,69,16,4
3.71238,7.80419,Sandy Loam,10,1.27,133.3,12.5,491.7,5.7,65.7,72.7,133.3,0.7,6.4,8,5,2.3,6,66,17,4.5
3.71238,7.80419,Sandy Loam,10,1.27,133.3,12.5,491.7,5.7,65.7,72.7,133.3,0.7,6.4,8,5,2.3,6,66,17,4.5
3.71156,7.8027,Sandy Loam,10,1.29,133.3,15.4,491.7,5.7,65.7,65.7,108.9,0.7,7.2,7.2,5.7,2.7,6,70,14,3.5
3.71156,7.8027,Sandy Loam,10,1.29,133.3,15.4,491.7,5.7,65.7,65.7,108.9,0.7,7.2,7.2,5.7,2.7,6,70,14,3.5
3.71372,7.8032,Sandy Loam,11,1.27,120.5,12.5,491.7,5.7,65.7,72.7,108.9,0.8,7.2,8,5.7,2.3,6,70,17,5
3.71372,7.8032,Sandy Loam,11,1.27,120.5,12.5,491.7,5.7,65.7,72.7,108.9,0.8,7.2,8,5.7,2.3,6,70,17,5
3.726,7.90759,Sandy Loam,13,1.31,133.3,11.2,543.6,5.7,65.7,80.5,120.5,0.7,6.4,7.2,6.4,2,6.3,68,16,4
3.726,7.90759,Sandy Loam,13,1.31,133.3,11.2,543.6,5.7,65.7,80.5,120.5,0.7,6.4,7.2,6.4,2,6.3,68,16,4
3.72676,7.90907,Sandy Loam,13,1.31,133.3,12.5,491.7,5.7,65.7,80.5,108.9,0.7,6.4,8,6.4,2,6.2,70,16,3.5
3.72676,7.90907,Sandy Loam,13,1.31,133.3,12.5,491.7,5.7,65.7,80.5,108.9,0.7,6.4,8,6.4,2,6.2,70,16,3.5
3.72359,7.90896,Sandy Loam,13,1.28,120.5,13.9,491.7,6.4,72.7,89,120.5,0.8,7.2,8,6.4,2,6.3,67,14,2.3
3.72359,7.90896,Sandy Loam,13,1.28,120.5,13.9,491.7,6.4,72.7,89,120.5,0.8,7.2,8,6.4,2,6.3,67,14,2.3
3.72591,7.90139,Sandy Loam,13,1.3,120.5,11.2,491.7,5.7,72.7,72.7,120.5,0.7,6.4,8,6.4,2,6.1,67,14,5
3.72591,7.90139,Sandy Loam,13,1.3,120.5,11.2,491.7,5.7,72.7,72.7,120.5,0.7,6.4,8,6.4,2,6.1,67,14,5
3.72758,7.90073,Sandy Loam,12,1.32,120.5,12.5,491.7,5.7,65.7,72.7,108.9,0.6,6.4,8,5.7,2,6.1,68,15,4.5
3.72758,7.90073,Sandy Loam,12,1.32,120.5,12.5,491.7,5.7,65.7,72.7,108.9,0.6,6.4,8,5.7,2,6.1,68,15,4.5
