sN,State,Lat,Long,Depth,sand_content,silt_content,clay_content,pH,carbon_organic,nitrogen_total,phosphorous_extractable,calcium_extractable,potassium_extractable
EK01,Ekiti,7.33318,5.48363,1,65.288,17.12,17.592,6.98,1.995,0.165,19.4,7.1094144,0.0087638
EK02,Ekiti,7.35379,5.41467,1,58.216,16.768,25.016,7.18,0.199,0.121,26.49,13.4781664,0.5927718
EK03,Ekiti,7.35379,5.41747,1,79.504,7.48,13.016,7.26,1.635,0.158,22.67,7.8698624,0.8809194
EK04,Ekiti,7.42095,5.4786,1,69.144,13.984,16.872,7.36,1.755,0.102,15.53,10.7975872,0.0159578
EK05,Ekiti,7.42275,5.55407,1,77.432,7.624,14.944,7.69,0.119,0.069,19.65,8.7538832,0.017675
EK06,Ekiti,7.5674,5.2468,1,61.288,17.768,20.944,7.58,0.798,0.034,17.77,8.7158608,0.0159724
EK07,Ekiti,7.57199,5.57274,1,75.216,9.768,15.016,7.51,0.319,0.114,15.89,4.2482288,0.7184532
EK08,Ekiti,7.59311,4.96867,1,67.288,3.696,29.016,7.23,1.276,0.135,18.92,9.6283984,0.5897064
EK10,Ekiti,7.60406,5.32135,1,51.432,27.696,20.872,7.32,1.276,0.087,16.32,13.2310208,0.7368456
EK11,Ekiti,7.58131,5.39515,1,45.728,23.328,30.944,7.27,1.476,0.261,13.29,12.4990896,0.6969954
EK12,Ekiti,7.58284,5.4725,1,63.216,15.768,21.016,7.06,2.952,0.082,15.65,12.6036512,0.8349384
EK13,Ekiti,7.59003,5.05454,1,79.144,5.768,15.088,7.17,0.758,0.091,15.17,13.6207504,0.0188332
EK14,Ekiti,7.65512,5.64266,1,79.216,5.912,14.872,7.4,1.077,0.033,14.5,14.01048,0.4425672
EK15,Ekiti,7.66017,4.87671,1,71.288,7.768,20.944,7.38,0.758,0.12,12.99,9.9040608,0.7583034
EK16,Ekiti,7.66523,4.97009,1,59.432,21.48,19.088,7.24,0.837,0.141,25.09,9.5143312,0.1912044
EK17,Ekiti,7.66523,5.05383,1,67.288,15.416,17.296,7.19,1.596,0.098,25.21,9.7614768,0.7061916
EK18,Ekiti,7.66523,5.30503,1,45.144,12.344,42.512,7.32,1.037,0.153,28.18,11.2728672,0.7123224
EK19,Ekiti,7.66666,5.3999,1,75.288,4.344,20.368,7.1,1.755,0.075,15.23,3.1455792,0.6694068
EK20,Ekiti,7.67461,5.46103,1,77.216,6.128,16.656,7.63,0.837,0.137,35.32,8.9820176,0.1636158
EK21,Ekiti,7.66617,5.54279,1,61.864,15.264,22.872,7.28,1.197,0.069,24.91,9.1246016,0.678603
EK22,Ekiti,7.68441,5.1329,1,61.216,6.2,32.584,7.63,0.438,0.058,27.82,9.6759264,0.8226768
EK23,Ekiti,7.69499,5.21569,1,71.288,9.056,19.656,7.08,0.478,0.06,27.64,9.5998816,0.5989026
EK24,Ekiti,7.81743,5.63931,1,75.144,9.984,14.872,6.93,0.438,0.107,23.88,7.1284256,0.4395018
EK25,Ekiti,7.83,5.05383,1,65.288,13.768,20.944,6.85,0.0798,0.167,23.34,7.5656832,0.6908646
EK26,Ekiti,7.83072,5.147,1,55.216,19.84,24.944,6.92,1.635,0.052,43.86,11.4629792,0.7613688
EK27,Ekiti,7.82946,5.221641,1,70.288,2.696,27.016,6.9,1.157,0.158,42.53,9.6949376,0.4303056
EK28,Ekiti,7.85558,5.29699,1,62.856,18.272,18.872,6.92,0.079,0.149,31.45,9.2291632,0.6387528
EK29,Ekiti,7.83,5.38876,1,64.568,14.488,20.944,6.73,0.837,0.185,26.06,9.8470272,0.8901156
EK30,Ekiti,7.83105,5.49358,1,74.496,8.488,17.016,6.74,0.558,0.132,25.09,9.6664208,1.0832358
EK31,Ekiti,7.83,5.55623,1,77.496,7.632,14.872,6.83,1.236,0.211,29.69,10.0276336,0.7123224
EK32,Ekiti,7.83323,4.96398,1,64.424,16.704,18.872,6.99,2.074,0.158,25.21,13.05992,0.7368456
EK33,Ekiti,7.92985,5.00265,1,65.144,14.416,20.44,6.93,1.356,0.094,27.82,10.6645088,0.6877992
EK34,Ekiti,7.91236,5.06577,1,57.432,12.056,30.512,6.88,2.832,0.168,26.85,11.6911136,0.8901156
EK35,Ekiti,7.91838,5.1337,1,71.288,9.768,18.944,6.93,0.917,0.127,20.68,9.2861968,0.3444744
EK36,Ekiti,7.910422,5.22491,1,67.072,15.984,16.944,6.84,0.957,0.088,23.7,9.828016,0.8563962
EK37,Ekiti,7.91221,5.30381,1,70.568,10.56,18.872,7.12,0.438,0.096,47.25,9.637904,0.9759468
EK38,Ekiti,7.91715,5.37422,1,71.784,9.272,18.944,7.1,1.955,0.381,24.61,9.3147136,0.5375946
EK39,Ekiti,7.91238,5.4725,1,57.432,17.552,25.016,7.09,1.62,0.245,25.88,13.4781664,0.7583034
EK40,Ekiti,7.91238,5.55623,1,71.144,9.912,18.944,7.29,2.753,0.044,20.37,12.917336,0.0563268
EK41,Ekiti,7.99477,5.63996,1,79.504,3.48,17.016,7.19,0.359,0.091,35.26,8.2215696,0.0716538
EK42,Ekiti,8.07701,5.41876,1,80.216,2.912,16.872,7.35,0.079,0.039,29.03,8.212064,0.5529216
EK43,Ekiti,8.07969,5.48253,1,67,14.056,18.944,7.28,0.438,0.122,41.44,8.2500864,0.5008098
OD215,Ondo,6.18231,4.88636,1,76.008,1.28,22.712,6.2,0.917,0.011,21.34,13.5256944,0.0949289
OD218,Ondo,6.26469,4.71889,1,74.008,5.28,20.712,5.3,0.438,0.176,18.62,10.5504416,0.0128393
OD219,Ondo,6.26469,4.88636,1,78.008,3.28,18.712,6.2,0.917,0.039,17.59,6.7101792,0.0463468
OD220,Ondo,6.26469,4.97009,1,59.864,3.352,36.784,5.2,0.438,0.115,22.07,16.0636896,0.0113467
OD221,Ondo,6.34366,5.01305,1,69.72,7.496,22.784,6.2,1.835,0.281,20.49,5.6740688,0.0879886
OD222,Ondo,6.26459,4.68602,1,80.44,1.136,18.424,7.2,0.239,0.128,23.88,12.1283712,0.0135108
OD223,Ondo,6.36868,4.75873,1,78.728,2.92,18.352,5.9,0.239,0.177,29.15,12.299472,0.0170183
OD224,Ondo,6.3653,4.8753,1,75.592,4.128,20.28,6.8,0.957,0.18,27.51,9.4763088,0.0185856
OD225,Ondo,6.42946,4.71889,1,78.44,3.208,18.352,5.6,1.037,0.263,29.51,11.4154512,0.0156751
OD226,Ondo,6.42946,4.97009,1,64.296,5.28,30.424,6.2,0.917,0.248,20.43,3.55432,0.0144064
OD227,Ondo,6.42946,5.05383,1,69.016,8.704,22.28,6.9,2.194,0.167,20.07,10.5314304,0.0142572
OD228,Ondo,6.43832,4.87013,1,78.296,1.568,20.136,6.7,1.715,0.084,23.52,8.8964672,0.1088095
OD229,Ondo,6.50102,4.7073,1,72.224,3.496,24.28,6.1,0.997,0.271,27.09,4.26724,0.0324662
OD230,Ondo,6.51185,4.88636,1,76.296,3.568,20.136,5.9,0.558,0.235,35.87,9.5143312,0.0189587
OD231,Ondo,6.51185,4.97009,1,74.8,3.064,22.136,6.8,0.837,0.258,34.9,10.1892288,0.0120184
OD232,Ondo,6.47123,5.11439,1,70.584,5.28,24.136,5.9,1.077,0.261,33.51,3.7729488,0.0114214
OD233,Ondo,6.57726,4.46769,1,69.016,6.704,24.28,6.1,0.917,0.341,27.45,11.9952928,0.0283617
OD234,Ondo,6.59423,4.52772,1,54.08,9.568,36.352,4.8,3.231,0.162,31.15,3.9250384,0.0183617
OD235,Ondo,6.59423,4.71889,1,72.656,0.848,26.496,5.3,1.236,0.157,23.94,1.2919872,0.0169438
OD236,Ondo,6.5925,4.89371,1,75.864,3.856,20.28,6,0.718,0.121,34.66,8.117008,0.1296304
OD237,Ondo,6.58106,4.97677,1,58.448,18.208,23.344,6.8,2.314,0.294,35.69,14.9420288,0.1018692
OD238,Ondo,6.67937,4.97406,1,65.448,19.208,15.344,6.7,1.6758,0.36,33.51,13.0028864,0.1157498
OD239,Ondo,6.67662,4.46769,1,73.52,5.136,21.344,6,1.2369,0.163,21.4,11.8622144,0.0463468
OD240,Ondo,6.67662,4.63516,1,63.52,9.136,27.344,5.5,1.6758,0.168,27.51,4.4668576,0.0394065
OD241,Ondo,6.67662,4.71889,1,67.448,11.136,21.416,4.9,1.4364,0.182,34.05,3.5258032,0.2198543
OD242,Ondo,6.7001,4.86315,1,71.52,7.064,21.416,6.4,0.3591,0.148,28.73,5.9972592,0.0116453
OD243,Ondo,6.759,4.46769,1,67.376,9.064,23.56,6.3,3.3915,0.362,25.46,6.1303376,0.0810483
OD244,Ondo,6.759,4.63516,1,67.376,9.064,23.56,6,1.197,0.249,27.09,5.3318672,0.014705
OD245,Ondo,6.74816,4.73865,1,65.376,11.064,23.56,5.7,2.7132,0.369,29.03,9.4097696,0.1990334
OD246,Ondo,6.759,4.97009,1,67.304,15.208,17.488,5.3,1.3566,0.159,28.3,6.406,0.074108
OD247,Ondo,6.77744,5.13977,1,71.304,15.208,13.488,6.9,1.965,0.058,31.09,14.4572432,0.0116453
OD248,Ondo,6.79103,4.89184,1,81.304,6.848,11.848,7,0.9576,0.15,27.09,11.3679232,0.0144811
OD249,Ondo,6.78659,5.63553,1,59.304,28.848,11.848,7,2.1945,0.291,29.63,14.9895568,0.0134363
OD250,Ondo,6.832,4.96374,1,73.232,18.192,8.576,6.4,1.6758,0.279,22.01,11.3774288,0.1712722
OD251,Ondo,6.84188,4.63687,1,83.232,2.992,13.776,6.2,1.7556,0.236,29.88,10.0276336,0.1018692
OD252,Ondo,6.84132,4.71826,1,71.304,4.992,23.704,5.2,2.0748,0.297,29.75,8.2215696,0.2753767
OD253,Ondo,6.84231,5.13679,1,27.088,59.136,13.776,5.9,2.4339,0.312,29.69,8.5257488,0.0150781
OD254,Ondo,6.84138,5.22129,1,75.016,8.992,15.992,6.6,2.5536,0.134,34.05,16.767104,0.1088095
OD255,Ondo,6.84138,5.63996,1,75.16,10.416,14.424,7.3,1.7556,0.095,29.81,15.7880272,0.0671677
OD256,Ondo,6.84138,5.7237,1,53.16,8.704,38.136,6.4,2.394,0.089,27.58,12.0333152,0.0532871
OD257,Ondo,6.84496,4.85918,1,75.16,10.416,14.424,6.2,1.3566,0.322,30.72,11.3679232,0.0324662
OD258,Ondo,6.92377,4.63516,1,73.52,10.344,16.136,5.7,0.6975,0.219,26.49,6.4440224,0.0144811
OD259,Ondo,6.94403,4.71567,1,77.16,8.704,14.136,5.9,1.7955,0.158,21.89,10.4839024,0.0155259
OD260,Ondo,6.92377,4.88636,1,50.088,13.632,36.28,5.6,1.1571,0.082,22.43,11.0542384,0.0155259
OD261,Ondo,6.92491,5.05403,1,77.016,10.704,12.28,6.2,5.5187,0.316,25.34,11.4819904,0.0810483
OD262,Ondo,6.92377,5.13756,1,57.72,13.28,29,6.6,0.8778,0.066,26.06,7.4611216,0.1157498
OD264,Ondo,6.92325,5.30228,1,68.408,15.136,16.456,6.8,0.4788,0.253,28.24,11.1397888,0.1365707
OD265,Ondo,6.92629,5.39202,1,65.216,16.632,18.152,7.1,4.069,0.143,24.06,19.428672,0.0138841
OD266,Ondo,6.92413,5.47407,1,81.648,4.2,14.152,6.2,1.1571,0.125,28.3,12.6226624,0.2406752
OD267,Ondo,6.92252,5.54998,1,76.368,8.776,14.856,5.3,0.877,0.232,30.06,11.1873168,0.0175408
OD268,Ondo,6.93013,5.61997,1,83.792,5.208,11,7.1,1.197,0.143,26.18,13.440144,0.1296304
OD269,Ondo,6.92377,5.7237,1,84.584,3.208,12.208,5.9,0.8728,0.215,28.18,5.6360464,0.0188093
OD270,Ondo,6.93484,4.94943,1,52.584,35.208,12.208,6.3,0.8728,0.079,28.06,7.4611216,0.0116453
OD271,Ondo,6.99602,5.06556,1,44.584,13.208,42.208,6.1,1.0773,0.321,29.69,12.7082128,0.3170185
OD273,Ondo,7.013,4.90118,1,80.584,9.208,10.208,6.5,1.6357,0.174,25.64,10.8356096,0.1643319
OD274,Ondo,7.00731,4.98206,1,80.584,9.208,10.208,6.6,1.0773,0.247,27.58,7.0999088,0.1088095
OD275,Ondo,7.02755,4.70266,1,78.584,11.208,10.208,6.4,0.8379,0.216,30.3,6.0637984,0.016496
OD276,Ondo,7.06419,5.55106,1,76.584,13.208,10.208,6.5,0.8778,0.062,30.06,2.5467264,0.0177647
OD277,Ondo,7.07378,4.79672,1,60.656,9.136,30.208,6,0.5985,0.075,27.03,7.9649184,0.0394065
OD278,Ondo,7.09721,5.00175,1,76.584,11.208,12.208,6.3,1.6758,0.068,26.97,7.546672,0.3794812
OD279,Ondo,7.08854,4.63516,1,48.584,11.208,40.208,5.5,1.436,0.267,24.85,4.3337792,0.0136602
OD280,Ondo,7.08854,4.71889,1,76.584,9.208,14.208,5.1,0.8778,0.196,25.94,8.4211872,0.0144811
OD281,Ondo,7.08854,4.88636,1,79.288,6.056,14.656,6,1.72,0.161,28.79,5.2748336,0.1157498
OD282,Ondo,7.10255,5.03339,1,63.288,16.056,20.656,6.1,0.2633,0.061,27.88,12.9838752,0.0191826
OD283,Ondo,7.08854,5.22129,1,71.288,8.056,20.656,6.5,0.6381,0.104,21.46,9.4858144,0.1157498
OD284,Ondo,7.08854,5.30503,1,63.288,20.056,16.656,7.1,1.995,0.277,23.22,15.2842304,0.0185856
OD285,Ondo,7.08854,5.38876,1,67.288,12.056,20.656,6.7,1.9551,0.316,23.34,7.8698624,0.0155259
OD286,Ondo,7.08854,5.4725,1,83.288,4.056,12.656,5.7,2.79451,0.291,29.45,6.1303376,0.0144811
OD287,Ondo,7.08854,5.63996,1,71.288,10.056,18.656,6.6,2.22431,0.208,28.24,9.4382864,0.2059737
OD289,Ondo,7.09765,5.76941,1,67.448,16.488,16.064,5.9,2.314,0.251,30,8.1740416,0.0949289
OD290,Ondo,7.10503,5.11904,1,63.448,8.488,28.064,6.3,2.795,0.31,30.9,12.679696,0.0181378
OD291,Ondo,7.15876,5.20188,1,73.448,12.488,14.064,6.3,0.837,0.256,30,5.835664,0.0109736
OD292,Ondo,7.15838,4.71225,1,77.448,8.488,14.064,5.7,1.236,0.092,30.78,2.9079392,0.0116453
OD293,Ondo,7.16133,4.85389,1,73.448,12.488,14.064,6.5,2.992,0.184,29.15,11.4534736,0.0155259
OD294,Ondo,7.18185,4.79673,1,77.448,10.488,12.064,5.9,1.236,0.056,30.06,6.9193024,0.0810483
OD295,Ondo,7.17092,5.13756,1,83.448,4.488,12.064,7.8,1.077,0.161,31.21,14.8279616,0.0122423
OD296,Ondo,7.16397,5.30057,1,71.448,14.488,14.064,7.3,1.9551,0.119,26.79,17.3659568,0.1851528
OD297,Ondo,7.1704,5.37677,1,75.448,8.488,16.064,6.6,1.237,0.15,25.64,9.9135664,0.1226901
OD298,Ondo,7.17092,5.4725,1,75.448,12.488,12.064,6.5,0.558,0.063,28.48,4.4858688,0.3239588
OD299,Ondo,7.17092,5.55623,1,73.448,10.488,16.064,5.8,3.63,0.398,29.39,12.2234272,0.2753767
OD300,Ondo,7.17092,5.63996,1,75.448,10.488,14.064,5.6,1.915,0.237,36.05,13.0314032,0.0183617
OD301,Ondo,7.17092,5.70304,1,79.448,6.488,14.064,6.2,0.399,0.091,27.15,8.0789856,0.0324662
OD302,Ondo,7.17869,5.81216,1,73.448,10.488,16.064,8.3,1.316,0.219,29.81,18.8963584,0.1157498
OD303,Ondo,7.18125,5.05087,1,69.448,12.488,18.064,7.1,1.476,0.129,27.33,11.1968224,0.1018692
OD304,Ondo,7.18789,4.98485,1,77.448,12.488,10.064,6,1.516,0.384,28.85,9.3717472,0.0128393
OD305,Ondo,7.22232,5.15527,1,69.448,14.488,16.064,6.2,0.518,0.143,30.9,8.2500864,0.1226901
OD306,Ondo,7.25129,5.89054,1,83.448,0.488,16.064,7,1.755,0.218,24.97,15.5693984,0.0114214
OD307,Ondo,7.29696,5.7237,1,53.448,14.488,32.064,5.9,0.359,0.179,30,12.2329328,0.0810483
OD308,Ondo,7.30765,5.31167,1,75.448,8.488,16.064,7,1.715,0.316,30.6,17.9648096,0.0108244
OD309,Ondo,7.30839,5.87936,1,87.448,0.488,12.064,5.1,2.633,0.286,30.84,10.9496768,0.3308991
OD310,Ondo,7.34726,4.95683,1,69.448,14.488,16.064,6.2,0.957,0.139,32.3,6.1873712,0.0128393
OD311,Ondo,7.32323,4.83924,1,53.448,12.488,34.064,5.2,0.399,0.243,29.63,9.1911408,0.0119437
OD312,Ondo,7.32522,5.059,1,77.448,8.488,14.064,6,1.117,0.127,28.6,8.0789856,0.0161229
OD313,Ondo,7.36105,5.23239,1,69.72,17.352,12.928,6.1,0.598,0.216,31.21,9.5713648,0.2476155
OD314,Ondo,7.33569,5.55623,1,77.72,13.064,9.216,6.5,0.638,0.184,29.75,8.0884912,0.0810483
OD315,Ondo,7.33569,5.80743,1,65.72,21.352,12.928,6.3,1.396,0.188,29.63,8.6303104,0.0324662
OD316,Ondo,7.34213,4.89222,1,79.504,11.496,9,7.2,1.396,0.223,28.24,13.0884368,0.0138841
OD317,Ondo,7.34713,5.12727,1,65.36,15.712,18.928,7.6,2.478,0.332,31.33,15.3222528,0.2684364
OD318,Ondo,7.37642,5.66734,1,86.432,2.568,11,7.4,2.194,0.123,26.61,13.0884368,0.0116453
OD319,Ondo,7.36315,5.89206,1,77.504,9.568,12.928,6,1.715,0.147,31.39,6.1493488,0.2059737
OD320,Ondo,7.40258,5.13461,1,57.504,23.496,19,6.9,1.735,0.293,29.27,17.9267872,0.0144811
OD321,Ondo,7.41291,5.23605,1,69.144,13.856,17,7.4,1.157,0.116,27.45,10.6454976,0.0532871
OD322,Ondo,7.41573,5.6967,1,75.144,13.64,11.216,7.1,1.596,0.237,30.9,10.113184,0.4350036
OD323,Ondo,7.40713,5.29875,1,63.288,17.496,19.216,7.5,2.793,0.124,29.27,19.143504,0.0189587
OD324,Ondo,7.42914,5.05899,1,73.576,13.208,13.216,6.9,2.034,0.21,29.27,12.774752,0.1088095
OD325,Ondo,7.43659,5.83104,1,65.216,19.352,15.432,6.9,1.276,0.183,27.7,12.9933808,0.0150781
OD326,Ondo,7.46503,5.67283,1,89.216,1.28,9.504,6.8,0.718,0.199,25.76,7.4801328,0.1573916
OD327,Ondo,7.49342,5.92168,1,77.216,9.28,13.504,6.4,1.596,0.177,27.21,10.5219248,0.2753767
OD328,Ondo,7.52385,5.93413,1,85.144,3.352,11.504,7.3,0.478,0.326,27.39,10.5694528,0.0949289
OD329,Ondo,7.58284,5.63996,1,82.144,1.752,16.104,7,1.197,0.15,26.18,12.5276064,0.1365707
OD330,Ondo,7.56077,5.75273,1,65.288,19.208,15.504,6.3,1.635,0.23,31.09,12.1949104,0.0120184
OD331,Ondo,7.58284,5.89116,1,70.784,15.56,13.656,5.4,1.197,0.252,31.93,8.8394336,0.1296304
OD332,Ondo,7.59872,5.77316,1,73.072,12.2,14.728,6.2,0.798,0.2,28.3,10.8926432,0.0810483
OD333,Ondo,7.67357,5.93344,1,72.712,14.776,12.512,5.9,0.478,0.213,29.15,7.6512336,0.1018692
OD334,Ondo,7.64744,5.73155,1,82.856,2.2,14.944,6,2.516,0.289,28.66,8.4116816,0.0463468
OD335,Ondo,7.66982,5.79364,1,76.496,4.488,19.016,6.8,0.758,0.263,31.27,7.4706272,0.1851528
Oy1,Oyo,7.78116,3.992715,1,79.58,9.5,10.92,6.76,0.32,0.03,18.6,2.52,0.18
Oy2,Oyo,7.692339,3.953348,1,79.83,8.29,11.88,6.84,0.33,0.04,19.05,2.24,0.18
Oy3,Oyo,7.670497,3.913998,1,80.43,9,10.57,6.73,0.75,0.07,25.73,3.35,0.3
Oy4,Oyo,7.643673,3.943296,1,70.37,14.45,15.18,6.62,0.85,0.08,30.07,4.05,0.34
Oy5,Oyo,7.737977,3.832933,1,83.22,7,9.78,6.93,0.2,0.02,17.77,2.09,0.18
Oy6,Oyo,7.749242,3.861802,1,77.78,10.34,11.88,6.78,0.57,0.05,23.25,3.23,0.24
Oy7,Oyo,7.801468,3.833494,1,82.6,9.08,8.32,6.66,0.43,0.04,20.84,2.86,0.19
Oy8,Oyo,7.612013,3.901519,1,74.22,12.86,12.92,6.62,1.02,0.1,34.12,4.38,0.46
Oy9,Oyo,7.618454,3.912331,1,78.97,9.32,11.71,6.8,0.31,0.04,19.27,2.65,0.16
Oy10,Oyo,7.632466,3.936724,1,72.52,12.31,15.18,6.7,0.72,0.07,27.96,3.51,0.27
Oy11,Oyo,7.625706,4.007287,1,74.68,14.69,10.62,7.19,0.88,0.09,21.89,3.03,0.27
Oy12,Oyo,7.565314,3.989783,1,74.01,9.99,15.99,6.78,0.51,0.05,23.02,2.98,0.23
Oy13,Oyo,7.557981,3.903226,1,75.22,12.88,11.9,6.51,0.72,0.06,23.86,3.77,0.36
Oy14,Oyo,7.947664,3.96026,1,77.22,11.26,11.52,6.75,0.97,0.09,28.72,3.99,0.42
Oy15,Oyo,8.02428,3.979312,1,84.09,7.68,8.23,6.69,0.3,0.03,18.85,2.23,0.19
Oy16,Oyo,8.064855,3.927262,1,83.35,7.35,9.3,6.79,0.43,0.05,21.09,2.63,0.23
Oy17,Oyo,8.072932,3.826665,1,75.2,16.28,8.52,6.93,1.26,0.12,46.04,6.51,0.81
Oy18,Oyo,8.148368,3.905806,1,81.04,10.09,8.87,6.66,0.53,0.05,19.56,3.03,0.21
Oy19,Oyo,8.222237,3.81961,1,76.11,12.96,10.94,6.59,0.81,0.08,30.26,4.03,0.35
Oy20,Oyo,8.233613,3.829718,1,82.93,7.7,9.37,6.79,0.29,0.03,19.33,2.14,0.16
Oy21,Oyo,8.248593,3.942054,1,81.54,8.32,10.14,6.73,0.53,0.05,23.3,2.95,0.34
Oy22,Oyo,8.356686,4.013865,1,72.97,14.95,12.08,6.43,1.31,0.13,31.83,5.05,0.53
Oy23,Oyo,8.420315,3.977674,1,79.31,9.63,11.06,6.78,0.82,0.08,25.77,3.35,0.35
Oy24,Oyo,8.559642,3.36866,1,71.3,14.37,14.33,6.49,0.72,0.08,26.03,3.45,0.45
Oy25,Oyo,8.559002,3.37001,1,70.54,14.98,14.48,6.46,1,0.1,30.17,4.29,0.49
Oy26,Oyo,8.510566,3.371815,1,81.81,9.56,8.63,6.66,0.74,0.07,24.45,3.36,0.32
Oy27,Oyo,8.511254,3.374897,1,82.03,9.41,8.56,6.58,0.49,0.05,20.85,3.14,0.29
Oy28,Oyo,8.462279,3.320203,1,76.68,14.18,9.14,6.31,0.87,0.09,20.22,3.94,0.36
Oy29,Oyo,8.401734,3.383757,1,79.46,11.38,9.16,6.63,0.77,0.07,29.52,3.93,0.34
Oy30,Oyo,8.462616,3.321646,1,79.23,12.72,8.05,6.56,0.56,0.06,20.25,2.94,0.26
Oy31,Oyo,8.461311,3.319,1,79.39,9.85,10.76,6.7,0.53,0.05,24.55,3.13,0.25
Oy32,Oyo,8.393071,3.349684,1,78.62,12.56,8.82,6.6,1.03,0.1,29.68,4.63,0.51
Oy33,Oyo,8.394665,3.348834,1,80.53,10.2,9.27,6.69,0.83,0.08,25.61,3.74,0.32
Oy34,Oyo,8.441961,3.380701,1,82.45,7.82,9.73,6.78,0.33,0.04,19.98,2.43,0.21
Oy35,Oyo,8.43885,3.38095,1,76.04,11.28,12.68,6.6,0.81,0.08,29.56,3.78,0.44
Oy36,Oyo,8.490279,3.398343,1,83.04,8.04,8.92,6.8,0.29,0.03,18.77,2.24,0.19
Oy37,Oyo,8.540782,3.325986,1,77.1,11.86,11.04,6.46,0.87,0.08,24.13,3.74,0.46
Oy38,Oyo,8.542908,3.327111,1,76.43,13.16,10.41,6.39,0.98,0.09,25.72,4.2,0.5
Oy39,Oyo,8.506072,3.444003,1,72.66,15.73,11.61,6.39,1.22,0.12,33.04,5.09,0.55
Oy40,Oyo,8.509211,3.442077,1,77.39,12.8,9.81,6.41,0.9,0.09,25.51,4.01,0.43
Oy41,Oyo,8.366196,3.384252,1,76.58,10.42,13,6.72,0.65,0.06,28.22,3.59,0.31
Oy42,Oyo,8.499341,3.52191,1,80.03,11.2,8.77,6.52,0.94,0.1,25.38,3.92,0.4
Oy43,Oyo,8.553077,3.466922,1,77.48,9.93,12.59,6.63,0.41,0.04,21.81,2.69,0.22
Oy44,Oyo,7.437456,4.057902,1,76.46,12.99,10.54,6.6,0.96,0.09,31.79,4.22,0.43
Oy45,Oyo,7.409406,4.104118,1,77.7,10.62,11.69,6.71,0.91,0.09,27.79,3.86,0.43
Oy46,Oyo,7.412018,4.070128,1,81.21,7.91,10.88,6.83,0.38,0.03,19.17,2.52,0.2
Oy47,Oyo,7.396201,4.064657,1,71.89,12.52,15.59,6.71,0.87,0.08,31.81,3.87,0.44
Oy48,Oyo,7.380886,3.97125,1,79.5,10.51,9.99,6.82,1.04,0.1,28.23,4.38,0.47
Oy49,Oyo,7.451594,3.896768,1,78.95,12.39,8.67,6.6,0.63,0.06,22.68,3.58,0.27
Oy50,Oyo,7.455775,3.896807,1,73.57,14.46,11.97,6.43,1.23,0.13,31.55,4.86,0.54
Oy51,Oyo,7.455847,3.892825,1,80.08,9.53,10.38,6.68,0.84,0.09,27.13,3.54,0.36
Oy52,Oyo,7.47342,3.903149,1,79.71,12.04,8.25,6.63,0.64,0.06,22.84,3.78,0.27
Oy53,Oyo,7.339939,3.758267,1,72.08,13.58,14.34,6.62,1,0.09,33.75,4.42,0.44
Oy54,Oyo,7.365228,3.750387,1,75.02,14.24,10.75,6.51,1.06,0.1,31.56,4.99,0.5
Oy55,Oyo,7.396102,3.758277,1,61.39,16.75,21.86,6.44,0.92,0.09,29.51,4.11,0.37
Oy56,Oyo,7.42623,3.705566,1,80.34,7.42,12.24,6.79,0.35,0.03,20.51,2.43,0.22
Oy57,Oyo,7.459196,3.671816,1,76.24,13.1,10.67,6.6,1.03,0.1,31.78,4.47,0.49
Oy58,Oyo,7.516017,3.782452,1,76.31,9.8,13.89,6.81,0.64,0.07,21.57,2.98,0.25
Oy59,Oyo,7.539126,3.732018,1,79.82,10.8,9.39,6.66,0.71,0.06,25.15,3.52,0.33
Oy60,Oyo,7.523691,3.75892,1,76.85,12.22,10.93,6.61,0.84,0.08,29.37,4.06,0.31
Oy61,Oyo,7.48269,3.746076,1,78.41,12.24,9.35,6.17,0.74,0.08,21.58,3.69,0.24
Oy62,Oyo,7.511321,3.714681,1,78.03,12.17,9.8,6.61,1.01,0.1,29.54,4.33,0.39
Oy63,Oyo,7.520153,3.627552,1,82.12,8.54,9.34,6.69,0.64,0.06,23.45,3.07,0.28
Oy64,Oyo,7.387767,3.857228,1,74.63,13.77,11.6,6.67,0.91,0.09,30.69,4.15,0.36
Oy65,Oyo,7.389805,3.859043,1,75.72,10.3,13.98,6.72,0.52,0.05,22.7,2.93,0.22
Oy66,Oyo,7.409634,3.854201,1,75.5,12.12,12.37,6.67,0.98,0.1,32.05,4.12,0.43
Oy67,Oyo,7.411892,3.858419,1,69.9,14.78,15.31,6.59,0.82,0.08,28.61,3.78,0.32
Oy68,Oyo,7.49631,3.131764,1,83.51,7.72,8.77,6.83,0.23,0.02,18.43,2.22,0.16
Oy69,Oyo,7.517468,3.236865,1,82.37,9.09,8.55,6.6,0.39,0.04,18.86,2.55,0.22
Oy70,Oyo,7.415174,3.195297,1,81.86,9.12,9.02,6.71,0.5,0.05,21.38,2.93,0.24
Oy71,Oyo,7.434747,3.226789,1,83.26,8.3,8.44,6.73,0.33,0.03,19.25,2.11,0.21
Oy72,Oyo,7.470761,3.309712,1,83.27,7.87,8.87,6.89,0.23,0.02,18.28,2.08,0.17
Oy73,Oyo,7.343868,3.316194,1,79.93,9.21,10.86,6.7,0.54,0.05,22.84,2.81,0.27
Oy74,Oyo,7.389139,3.215119,1,78.38,10.8,10.82,6.69,0.9,0.08,26.41,3.87,0.4
Oy75,Oyo,7.382112,3.201099,1,77.04,12.82,10.14,6.56,1.06,0.1,32.26,4.73,0.55
Oy76,Oyo,7.39553,3.230871,1,79.87,10.63,9.5,6.62,0.88,0.08,23.78,3.69,0.45
Oy77,Oyo,7.660433,3.375538,1,82.67,7.13,10.2,6.82,0.38,0.04,20.36,2.41,0.22
Oy78,Oyo,7.702107,3.467803,1,81.4,9.04,9.56,6.85,0.42,0.04,19.91,2.69,0.22
Oy79,Oyo,7.669739,3.416515,1,81.24,8.36,10.4,6.8,0.38,0.04,20.37,2.61,0.22
Oy80,Oyo,7.716468,3.506396,1,78.06,10.21,11.73,6.7,1,0.09,28.89,3.88,0.39
Oy81,Oyo,7.741515,3.525807,1,75.98,13.11,10.9,6.65,0.97,0.1,33.53,4.54,0.48
Oy82,Oyo,7.488149,3.496463,1,74.71,10.47,14.83,6.65,0.59,0.06,27.33,3.27,0.25
Oy83,Oyo,7.484792,3.433718,1,77.54,12.62,9.84,6.25,1.01,0.1,32.59,3.8,0.51
Oy84,Oyo,7.501469,3.469719,1,80.68,9.59,9.73,6.81,0.44,0.04,19.65,2.85,0.19
Oy85,Oyo,7.436687,3.494315,1,79.06,11.11,9.83,6.72,0.75,0.07,24.7,3.7,0.28
Oy86,Oyo,7.431655,3.479537,1,76.19,16.17,7.63,6.47,1.18,0.12,25.29,5.75,0.38
Oy87,Oyo,7.463046,3.467944,1,84.5,6.97,8.53,6.92,0.16,0.02,16.88,1.96,0.14
Oy88,Oyo,7.577154,3.235383,1,80.37,10.91,8.72,6.53,0.72,0.07,21.52,3.64,0.35
Oy89,Oyo,7.595752,3.303382,1,83.1,7.51,9.39,6.88,0.2,0.02,17.84,2.15,0.16
Oy90,Oyo,7.672099,3.29935,1,80.72,9.49,9.79,6.8,0.41,0.04,19.84,2.74,0.21
Oy91,Oyo,7.694511,3.187822,1,81.54,8.73,9.74,6.69,0.41,0.04,20.12,2.59,0.21
Oy92,Oyo,7.764167,3.206129,1,73.77,12.89,13.34,6.67,0.87,0.08,28.71,4.06,0.38
Oy93,Oyo,7.804145,3.217463,1,78.68,11.14,10.19,6.81,0.91,0.09,28.06,4.04,0.39
Oy94,Oyo,7.649206,3.121604,1,78.37,10.49,11.14,6.78,0.74,0.07,24.36,3.54,0.28
Oy95,Oyo,7.619111,3.122055,1,78.87,10.39,10.74,6.74,0.72,0.07,23.52,3.17,0.33
Oy96,Oyo,7.575264,3.121015,1,81.82,7.96,10.21,6.94,0.6,0.06,22.11,2.15,0.25
Oy97,Oyo,7.525841,3.11665,1,79.35,10.13,10.52,6.59,0.6,0.06,21.52,3.17,0.32
Oy98,Oyo,9.144932,3.942509,1,76.33,11.6,12.07,6.71,0.67,0.06,23.36,3.53,0.24
Oy99,Oyo,9.056677,3.934075,1,81.22,8.22,10.56,6.79,0.34,0.03,19.34,2.67,0.2
Oy100,Oyo,9.035724,4.007175,1,83.31,7.37,9.32,6.84,0.27,0.03,18.94,2.22,0.18
Oy101,Oyo,9.058458,3.838989,1,71.67,14.11,14.22,6.6,0.91,0.08,30.05,4.19,0.41
Oy102,Oyo,8.990765,3.816665,1,76.03,9.64,14.34,6.82,0.26,0.03,18.91,2.58,0.16
Oy103,Oyo,9.030096,3.726043,1,78.95,9.99,11.05,6.76,0.64,0.06,23.29,3.43,0.27
Oy104,Oyo,9.104382,3.814773,1,77.64,10.3,12.06,6.8,0.5,0.05,21.13,3.11,0.22
Oy105,Oyo,8.982387,3.944416,1,80.34,8.39,11.27,6.89,0.21,0.02,17.49,2.32,0.21
Oy106,Oyo,9.10486,3.831004,1,78.48,10.33,11.19,6.69,0.7,0.07,24.65,3.54,0.26
Oy107,Oyo,9.043762,3.873718,1,74.84,9.75,15.42,6.84,0.28,0.03,18.45,2.67,0.16
Oy108,Oyo,9.009432,3.902386,1,78.92,10.91,10.17,6.53,1.33,0.14,41.95,4.72,0.52
Oy109,Oyo,8.973763,3.892934,1,77.71,10.96,11.32,6.74,0.61,0.06,22.72,3.39,0.22
Oy110,Oyo,8.946992,3.882262,1,76.2,8.56,15.24,6.83,0.27,0.03,18.78,2.45,0.19
Oy111,Oyo,7.378039,3.837635,1,79.03,11.31,9.66,6.69,0.71,0.07,25.24,3.55,0.28
Oy112,Oyo,7.390376,3.841098,1,80.71,9.7,9.59,6.67,0.48,0.05,20.19,2.75,0.23
Oy113,Oyo,7.384256,3.868016,1,73.83,13.42,12.74,6.52,0.96,0.09,30.19,4.12,0.46
Oy114,Oyo,7.372452,3.844421,1,79.48,11.39,9.13,6.55,0.74,0.07,26.65,3.73,0.37
Oy115,Oyo,8.029358,3.481681,1,77.37,12.76,9.87,6.63,0.85,0.09,23.16,3.57,0.35
Oy116,Oyo,8.033647,3.603413,1,76.67,9.85,13.48,6.68,0.65,0.06,27.23,3.15,0.27
Oy117,Oyo,8.030498,3.602493,1,78.78,8.84,12.38,6.83,0.43,0.04,20.3,2.68,0.21
Oy118,Oyo,8.089602,3.638735,1,75.64,10.24,14.11,6.81,0.5,0.05,20.53,2.84,0.19
Oy119,Oyo,8.146408,3.662221,1,82.39,8.42,9.19,6.82,0.19,0.02,18.25,2.19,0.15
Oy120,Oyo,8.145688,3.664747,1,78.03,11.7,10.27,6.6,0.82,0.08,28.56,3.88,0.39
Oy121,Oyo,7.79857,3.42534,1,80.7,10.31,8.98,6.64,0.59,0.06,22.88,3.26,0.31
Oy122,Oyo,7.916927,3.513903,1,80.99,9.58,9.43,6.73,0.46,0.04,21.34,2.87,0.23
Oy123,Oyo,8.067126,3.525842,1,82.2,7.67,10.13,6.81,0.25,0.03,18.64,2.37,0.17
Oy124,Oyo,8.066863,3.527896,1,80.13,8.58,11.29,6.8,0.43,0.05,20.98,2.62,0.22
Oy125,Oyo,8.002126,3.528921,1,77.32,9.76,12.92,6.79,0.78,0.07,23.95,3.27,0.31
Oy126,Oyo,7.999894,3.527898,1,78.32,10.75,10.93,6.67,0.93,0.09,30.59,3.98,0.36
Oy127,Oyo,7.933639,3.662238,1,83.58,7.95,8.47,6.78,0.25,0.03,18.23,2.3,0.16
Oy128,Oyo,7.890783,3.638162,1,82.1,8.26,9.64,6.86,0.21,0.02,18.11,2.25,0.15
Oy129,Oyo,7.857508,3.681718,1,79.99,9.91,10.1,6.71,0.75,0.08,27.52,3.4,0.34
Oy130,Oyo,8.257578,3.415875,1,81.76,8.06,10.18,6.85,0.29,0.03,18.74,2.35,0.19
Oy131,Oyo,8.258845,3.41271,1,81.83,8.97,9.19,6.78,0.66,0.06,22.78,3.09,0.28
Oy132,Oyo,8.214312,3.285652,1,78.42,12.82,8.75,6.66,1,0.1,30.91,4.61,0.5
Oy133,Oyo,8.21425,3.288875,1,74.39,14.25,11.36,6.56,1.03,0.1,34.2,5.17,0.58
Oy134,Oyo,8.219918,3.194688,1,75.36,14.18,10.46,6.37,1.1,0.1,28.47,4.47,0.5
Oy135,Oyo,8.210061,3.202559,1,80.33,10.25,9.42,6.53,0.55,0.05,20.65,3.01,0.26
Oy136,Oyo,8.287227,3.41262,1,80.8,9.15,10.05,6.76,0.42,0.04,21.71,2.79,0.24
Oy137,Oyo,8.289092,3.413652,1,80.29,9.98,9.73,6.79,0.6,0.06,21.65,3.14,0.24
Oy138,Oyo,8.221662,3.455164,1,77.01,10.27,12.73,6.76,0.74,0.07,25.52,3.38,0.27
Oy139,Oyo,8.189943,3.478305,1,71.64,14.93,13.42,6.47,0.85,0.09,26.07,3.47,0.41
Oy140,Oyo,8.115819,3.541391,1,81.86,8.42,9.72,6.77,0.39,0.04,20.57,2.59,0.21
Oy141,Oyo,8.115955,3.545613,1,80.23,10.06,9.71,6.68,0.92,0.09,27.26,3.88,0.41
Oy142,Oyo,8.113005,3.519115,1,78.92,10.72,10.36,6.72,0.8,0.07,25.46,3.73,0.31
Oy143,Oyo,8.11017,3.515677,1,79.37,9.3,11.34,6.78,0.5,0.05,22.14,3.08,0.26
Oy144,Oyo,8.135632,3.524627,1,77.19,12.97,9.85,6.59,0.91,0.09,33.17,4.22,0.41
Oy145,Oyo,7.954072,2.967193,1,81.6,10.01,8.39,6.53,0.69,0.06,24.46,3.42,0.36
Oy146,Oyo,8.049974,3.079668,1,81.01,10.02,8.98,6.68,0.49,0.05,20.92,3.11,0.24
Oy147,Oyo,7.955151,2.967168,1,78.31,12.53,9.16,6.49,0.87,0.08,25.21,4.04,0.42
Oy148,Oyo,8.044439,3.060063,1,71.12,16.48,12.4,6.41,0.74,0.08,24.23,3.21,0.36
Oy149,Oyo,8.040338,3.059897,1,76.61,13.83,9.56,6.39,1.03,0.1,28.92,4.53,0.51
Oy150,Oyo,7.96524,3.025182,1,83.16,7.27,9.57,6.71,0.47,0.04,20.43,2.73,0.22
Oy151,Oyo,7.966566,3.026283,1,81.33,8.5,10.17,6.78,0.48,0.05,21.54,3.03,0.25
Oy152,Oyo,7.948808,3.03194,1,77.12,12.25,10.63,6.63,1.1,0.1,32.73,4.6,0.53
Oy153,Oyo,7.949653,3.030337,1,81.06,10.12,8.81,6.75,0.63,0.06,22.75,3.32,0.24
Oy154,Oyo,7.885173,3.14968,1,80.79,7.88,11.33,6.73,0.53,0.05,22.19,2.85,0.29
Oy155,Oyo,7.891585,3.152978,1,81.84,8.9,9.26,6.73,0.4,0.04,20.32,2.72,0.2
Oy156,Oyo,7.826817,3.213201,1,71.57,15.6,12.82,6.53,0.97,0.09,30.69,4.55,0.44
Oy157,Oyo,7.824374,3.212829,1,79.04,11.41,9.55,6.55,0.74,0.07,19.42,4.06,0.35
Oy158,Oyo,7.9525,3.258522,1,81.13,8.62,10.25,6.75,0.65,0.06,22.96,3.08,0.27
Oy159,Oyo,7.950295,3.260741,1,81.72,8.7,9.58,6.71,0.52,0.05,22.2,2.87,0.26
Oy160,Oyo,8.081389,3.310483,1,81.72,7.69,10.59,6.75,0.39,0.04,20.47,2.53,0.21
Oy161,Oyo,8.082853,3.315034,1,78.92,10.25,10.84,6.73,0.74,0.07,24.63,3.44,0.29
Oy162,Oyo,8.120781,3.313407,1,80.42,10.11,9.47,6.94,0.49,0.05,21.18,2.62,0.25
Oy163,Oyo,8.117823,3.313247,1,77.28,11.28,11.44,6.71,0.77,0.07,26.23,3.67,0.32
Oy164,Oyo,7.99904,3.376229,1,74.88,14.92,10.2,6.4,0.85,0.08,25.38,3.79,0.39
Oy165,Oyo,8.00735,3.398388,1,80.83,10.1,9.07,6.58,0.56,0.05,20.92,3.18,0.29
Oy166,Oyo,7.934142,3.431697,1,78.14,11.5,10.36,6.73,0.76,0.07,27.46,3.63,0.31
Oy167,Oyo,8.040415,3.442456,1,70.47,15.95,13.58,6.44,0.72,0.08,26.09,3.31,0.43
Oy168,Oyo,8.06789,3.346698,1,75.46,16.48,8.06,6.38,1.31,0.13,32.59,5.17,0.73
Oy169,Oyo,8.156277,3.393058,1,82.74,8.36,8.9,6.74,0.48,0.05,22.71,2.81,0.27
Oy170,Oyo,7.485793,4.042377,1,75.49,11.61,12.91,6.75,1.05,0.09,31.97,4.11,0.49
Oy171,Oyo,7.461332,3.983087,1,69.73,15.96,14.31,6.44,0.87,0.09,28.11,4.45,0.43
Oy172,Oyo,7.571624,4.079016,1,76.75,12.17,11.08,6.76,1.04,0.1,31.42,4.37,0.51
Oy173,Oyo,7.479436,4.058366,1,76.28,11.93,11.79,6.67,0.93,0.09,29.72,3.93,0.4
Oy174,Oyo,7.516284,4.070038,1,71.39,14.98,13.63,6.52,1.14,0.1,35.09,4.95,0.51
Oy175,Oyo,7.527751,4.098097,1,74.47,14.4,11.13,6.57,0.99,0.09,29.09,4.64,0.47
Oy176,Oyo,7.467645,3.990041,1,75.21,12.11,12.68,6.75,0.78,0.07,29.15,3.8,0.33
Oy177,Oyo,8.174829,4.202095,1,83.66,7.86,8.47,6.76,0.35,0.04,20.76,2.61,0.19
Oy178,Oyo,8.181044,4.255158,1,80.56,10.79,8.65,6.64,0.66,0.06,24.1,3.47,0.29
Oy179,Oyo,8.177855,4.243702,1,77.2,12.15,10.65,6.7,0.96,0.09,33.37,4.1,0.49
Oy180,Oyo,8.16725,4.282346,1,83.55,8.49,7.96,6.74,0.41,0.04,20.97,2.75,0.2
Oy181,Oyo,8.166041,4.287472,1,82.15,8.84,9.01,6.72,0.42,0.04,20.35,2.68,0.23
Oy182,Oyo,8.199807,4.27868,1,81.5,8.49,10.01,6.83,0.63,0.07,23.88,3.12,0.35
Oy183,Oyo,8.197027,4.296963,1,78.75,11.89,9.36,6.62,0.71,0.08,21.54,3.95,0.24
Oy184,Oyo,8.232127,4.297274,1,80.66,8.12,11.23,6.78,0.41,0.04,21.5,2.63,0.25
Oy185,Oyo,8.039803,4.2017,1,80.89,7.58,11.53,6.85,0.36,0.03,19.72,2.42,0.23
Oy186,Oyo,8.017378,4.182385,1,79.75,10.13,10.12,6.67,0.66,0.06,22.67,3.22,0.29
Oy187,Oyo,7.995252,4.166115,1,79,10.79,10.21,6.7,0.69,0.06,24.27,3.53,0.3
Oy188,Oyo,7.985694,4.139094,1,79.28,8.52,12.2,6.79,0.4,0.04,19.94,2.85,0.2
Oy189,Oyo,7.942325,4.131764,1,72.81,13.26,13.93,6.65,0.83,0.08,31.28,4.09,0.42
Oy190,Oyo,7.913337,4.108016,1,76.93,12.21,10.87,6.6,0.87,0.08,26.6,3.77,0.35
Oy191,Oyo,7.928248,4.144663,1,83.35,7.42,9.22,6.7,0.39,0.04,15.3,1.78,0.17
Oy192,Oyo,7.906199,4.164494,1,80.07,10.02,9.92,6.79,0.46,0.04,19.45,3,0.2
Oy193,Oyo,7.875885,4.174271,1,75.84,14.58,9.57,6.28,0.82,0.08,21.89,3.46,0.38
Oy194,Oyo,7.977402,4.18011,1,83.22,7.5,9.28,6.95,0.15,0.02,16.59,1.95,0.15
Oy195,Oyo,7.977483,4.246691,1,82.15,7.95,9.9,6.84,0.2,0.02,17.57,2.16,0.16
Oy196,Oyo,7.99963,4.220972,1,77.96,8.91,13.14,6.8,0.44,0.04,20.35,2.62,0.2
Oy197,Oyo,7.97316,4.155771,1,79.65,9.81,10.54,6.72,0.68,0.06,25.69,3.39,0.27
Oy198,Oyo,7.983989,4.173608,1,82.15,7.02,10.84,6.88,0.21,0.02,18.25,2.08,0.17
Oy199,Oyo,8.117731,4.25061,1,66.68,16.68,16.64,6.48,0.96,0.1,31.09,4.55,0.43
Oy200,Oyo,8.074946,4.276411,1,75.99,8.46,15.55,6.81,0.34,0.04,19.21,2.51,0.19
Oy201,Oyo,8.089351,4.247886,1,77.92,9.23,12.85,6.81,0.45,0.04,19.97,2.89,0.19
Oy202,Oyo,8.091301,4.199717,1,37.27,13.26,49.46,6.6,0.39,0.04,48.33,3.78,0.48
Oy203,Oyo,8.090563,4.261509,1,76.87,10.82,12.3,6.75,0.88,0.08,26.7,3.56,0.36
Oy204,Oyo,8.112967,4.188519,1,74.52,12.05,13.43,6.74,0.85,0.08,27.86,3.98,0.4
Oy205,Oyo,8.107689,4.187275,1,71.07,13.55,15.38,6.64,0.95,0.09,33.7,4.39,0.49
Oy206,Oyo,8.116832,4.200164,1,78.64,10.1,11.27,6.73,0.47,0.04,22.93,3.1,0.21
Oy207,Oyo,8.82227,4.049633,1,79.24,12.09,8.67,6.48,0.48,0.09,20.86,2.6,0.24
Oy208,Oyo,8.794206,4.033284,1,71.46,13.46,15.08,6.67,0.88,0.09,31.23,4.21,0.42
Oy209,Oyo,8.764512,4.03793,1,77.15,10,12.85,6.79,0.49,0.04,23.61,3.19,0.23
Oy210,Oyo,8.769935,4.078992,1,79.95,8.63,11.42,6.75,0.32,0.03,19.76,2.62,0.18
Oy211,Oyo,8.799309,4.136985,1,82.05,8.69,9.26,6.68,0.37,0.03,19.43,2.61,0.19
Oy212,Oyo,8.859059,4.151319,1,81.59,6.75,11.67,6.87,0.25,0.03,18.78,2.14,0.19
Oy213,Oyo,8.88188,4.228962,1,80.3,10.73,8.97,6.7,0.67,0.06,22.87,3.44,0.29
Oy214,Oyo,8.698043,4.184265,1,83.98,7.12,8.9,6.88,0.15,0.01,18.89,2.25,0.14
Oy215,Oyo,8.640258,4.1759,1,80.13,8.02,11.84,6.81,0.39,0.04,20.49,2.68,0.2
Oy216,Oyo,8.673181,4.006038,1,76.5,9.82,13.67,6.75,0.53,0.05,20.77,3.09,0.23
Oy217,Oyo,8.656933,3.986568,1,73.15,11.03,15.81,6.78,0.81,0.07,23.94,3.49,0.3
Oy218,Oyo,8.671505,4.04153,1,74.87,7.07,18.06,6.9,1.06,0.1,20.2,3.7,0.28
Oy219,Oyo,8.637223,4.074417,1,75.21,13.41,11.37,6.61,0.96,0.09,29.73,4.47,0.38
Oy220,Oyo,8.697517,4.077087,1,76.18,9.5,14.32,6.86,0.27,0.03,17.58,2.44,0.15
Oy221,Oyo,8.731952,4.120208,1,79.14,10.83,10.03,6.62,0.53,0.05,30.45,2.37,0.24
Oy222,Oyo,7.302753,3.863474,1,69.21,15.94,14.85,6.48,0.91,0.09,30.03,4.37,0.4
Oy223,Oyo,7.231005,3.841724,1,78.84,11.77,9.39,6.7,0.68,0.07,24.53,3.7,0.25
Oy224,Oyo,7.129022,3.790571,1,79.56,11.16,9.28,6.55,0.87,0.08,26.39,3.87,0.39
Oy225,Oyo,7.181896,3.822189,1,79.11,11.09,9.8,6.5,0.64,0.06,21.13,3.39,0.32
Oy226,Oyo,7.205809,3.881189,1,77,12.68,10.32,6.65,1.03,0.1,30.39,4.56,0.5
Oy227,Oyo,7.160102,3.876957,1,73.87,13.69,12.44,6.63,0.86,0.08,30.16,4.11,0.35
Oy228,Oyo,7.254961,3.878031,1,73.4,13.96,12.64,6.61,1.01,0.09,32.45,4.48,0.45
Oy229,Oyo,7.241846,3.938291,1,74.43,12.61,12.96,6.7,0.97,0.09,32.13,4.11,0.42
Oy230,Oyo,7.202975,3.941311,1,75.92,12.88,11.2,6.64,1,0.1,33.14,4.42,0.44
Oy231,Oyo,7.184093,3.976749,1,76.22,11.88,11.9,6.68,0.89,0.09,31.3,4.12,0.38
Oy232,Oyo,7.277181,4.035739,1,81.18,8.73,10.09,6.77,0.34,0.03,19.9,2.59,0.21
Oy233,Oyo,7.21941,4.028227,1,71.23,13.58,15.18,6.64,0.89,0.09,31.63,4.19,0.4
Oy234,Oyo,7.172817,4.040629,1,72.47,13.37,14.16,6.59,0.97,0.1,33.75,4.13,0.42
Oy235,Oyo,7.276253,4.08535,1,78.16,11.17,10.67,6.69,1.69,0.17,32.1,5.41,0.73
Oy236,Oyo,7.319515,3.992026,1,79.22,11.95,8.83,6.58,0.81,0.07,23.45,3.81,0.38
Oy237,Oyo,8.851018,3.819783,1,77.91,10.71,11.38,6.77,0.81,0.08,25.58,3.74,0.34
Oy238,Oyo,8.824345,3.819057,1,78.21,8.94,12.85,6.79,0.62,0.06,22.89,3.03,0.27
Oy239,Oyo,8.885119,3.759004,1,76.89,11.74,11.37,6.28,0.8,0.03,19.7,3.89,0.47
Oy240,Oyo,8.805853,3.746418,1,74.6,11.8,13.6,6.7,0.89,0.09,28.55,3.92,0.32
Oy241,Oyo,8.770604,3.744828,1,74.95,11.76,13.29,6.81,0.58,0.06,22.25,3.43,0.21
Oy242,Oyo,8.933373,3.659625,1,77.72,11.98,10.29,6.68,0.85,0.08,28.43,4.06,0.35
Oy243,Oyo,8.807427,3.859637,1,74.58,13.38,12.04,6.67,0.81,0.08,27.24,4.1,0.36
Oy244,Oyo,8.855842,3.874848,1,79.4,9.01,11.58,6.78,0.4,0.04,21.03,2.95,0.21
Oy245,Oyo,8.847144,3.867894,1,76.75,9.67,13.58,6.77,0.51,0.05,22.36,3.09,0.22
Oy246,Oyo,8.823308,3.851885,1,78.5,8.58,12.92,6.81,0.24,0.03,18.18,2.33,0.16
Oy247,Oyo,8.82574,3.83594,1,75.17,11.34,13.49,6.78,0.85,0.08,27.92,3.97,0.4
Oy248,Oyo,8.833303,3.798212,1,76.94,9.87,13.18,6.75,0.56,0.05,23.73,2.88,0.21
Oy249,Oyo,8.574643,4.176803,1,80.51,6.87,12.62,6.88,0.33,0.03,19.21,2.38,0.22
Oy250,Oyo,8.530899,4.193818,1,82.74,6.89,10.37,6.77,0.31,0.03,19.65,2.38,0.2
Oy251,Oyo,8.510704,4.164395,1,82.5,6.97,10.53,6.78,0.37,0.04,19.72,2.49,0.21
Oy252,Oyo,8.528981,4.111595,1,80.95,7.08,11.96,6.85,0.33,0.04,19.46,2.28,0.23
Oy253,Oyo,8.532208,4.07547,1,77.67,10.23,12.1,6.74,0.67,0.06,24.32,3.53,0.27
Oy254,Oyo,8.565265,4.051563,1,80.17,10.55,9.28,6.72,0.57,0.05,22.6,3.47,0.25
Oy255,Oyo,8.458887,4.167033,1,79.97,7.67,12.36,6.79,0.32,0.03,21.06,2.54,0.19
Oy256,Oyo,8.409804,4.127444,1,77.27,9.58,13.15,6.76,0.68,0.06,24.75,3.38,0.33
Oy257,Oyo,8.360346,4.153151,1,77.97,8.82,13.22,6.82,0.51,0.05,21.54,2.94,0.24
Oy258,Oyo,8.306407,4.226581,1,74.93,11.68,13.39,6.81,0.68,0.07,24.42,3.6,0.28
Oy259,Oyo,8.324426,4.264414,1,80.38,9.54,10.08,6.72,0.52,0.05,21.08,3.05,0.24
Oy260,Oyo,8.157596,4.154602,1,78.59,10.1,11.31,6.72,0.69,0.06,23.89,3.49,0.28
Oy261,Oyo,8.158261,4.10938,1,73.1,13.8,13.1,6.55,0.9,0.08,29.89,4.17,0.48
Oy262,Oyo,8.280623,4.08969,1,78.44,8.42,13.13,6.83,0.38,0.04,19.82,2.65,0.2
Oy263,Oyo,8.23475,4.042608,1,72.05,12.32,15.63,6.75,0.71,0.06,27.91,3.77,0.36
Oy264,Oyo,8.099583,4.117437,1,82.91,7.63,9.46,6.9,0.17,0.02,17.6,2.04,0.14
Oy265,Oyo,8.102578,4.052821,1,70.47,13.58,15.95,6.55,0.63,0.07,24.86,3.11,0.32
Oy266,Oyo,7.88204,3.999666,1,81.92,7.64,10.44,6.92,0.18,0.02,16.6,1.94,0.15
Oy267,Oyo,7.867578,4.001946,1,73.27,15.98,10.75,6.51,0.73,0.08,23.53,3.35,0.4
Oy268,Oyo,7.892234,4.077243,1,80.6,9.16,10.24,6.72,0.39,0.04,20.08,2.59,0.19
Oy269,Oyo,7.897617,4.075985,1,77.6,13.17,9.24,6.56,0.65,0.05,21.19,3.5,0.31
Oy270,Oyo,7.944889,4.07503,1,79.46,9.42,11.13,6.7,0.63,0.06,26.05,3.14,0.34
Oy271,Oyo,7.936301,4.042562,1,76.66,12.77,10.57,6.64,0.77,0.07,30.27,4.03,0.36
Oy272,Oyo,7.874515,3.972954,1,79.46,8.42,12.12,6.83,0.21,0.03,17.55,2.32,0.16
Oy273,Oyo,7.884488,3.869643,1,84.51,7.01,8.49,6.95,0.15,0.02,16.54,1.76,0.14
Oy274,Oyo,7.910192,3.832623,1,83.42,7.74,8.84,6.8,0.22,0.02,18.73,2.34,0.15
Oy275,Oyo,7.904102,3.774714,1,82.86,7.08,10.06,6.77,0.53,0.05,21.51,2.77,0.24
Oy276,Oyo,7.936725,3.820084,1,82.4,6.76,10.84,6.93,0.16,0.02,16.29,1.91,0.15
Oy277,Oyo,7.967573,3.818221,1,81.38,7.78,10.84,6.73,0.34,0.03,20.38,2.52,0.21
Oy278,Oyo,8.588902,3.628423,1,78.79,11.43,9.78,6.67,0.84,0.08,26.59,3.96,0.33
Oy279,Oyo,8.616351,3.592537,1,78.14,10.69,11.18,6.74,0.64,0.06,24.45,3.53,0.27
Oy280,Oyo,8.608071,3.479405,1,77.14,11.13,11.73,6.71,0.78,0.07,25.15,3.58,0.35
Oy281,Oyo,8.58066,3.486051,1,80.7,9.58,9.73,6.69,0.4,0.04,20.36,2.68,0.22
Oy282,Oyo,8.665822,3.598813,1,72.11,14.61,13.28,6.53,0.91,0.08,26.7,3.98,0.44
Oy283,Oyo,8.6693,3.59709,1,73.67,13.98,12.35,6.61,0.83,0.08,26.52,4.09,0.4
Oy284,Oyo,8.722333,3.601169,1,76.72,9.89,13.4,6.75,0.43,0.04,21.75,2.91,0.2
Oy285,Oyo,8.721142,3.597415,1,77.29,9.95,12.76,6.77,0.5,0.05,22,2.98,0.21
Oy286,Oyo,8.891509,3.560727,1,78.08,11.51,10.41,6.66,0.74,0.07,25.25,3.71,0.29
Oy287,Oyo,8.892394,3.563869,1,79.24,11.27,9.5,6.57,0.96,0.09,28.48,4.04,0.43
Oy288,Oyo,8.67882,3.686364,1,82.11,9.34,8.55,6.62,0.57,0.05,22.5,3.29,0.25
Oy289,Oyo,8.676773,3.68829,1,77.88,9.38,12.73,6.72,0.45,0.04,21.8,2.73,0.19
Oy290,Oyo,8.583844,3.626085,1,70.36,19.74,9.9,6.5,1.51,0.16,26.92,4.79,0.84
Oy291,Oyo,8.612628,3.594167,1,66.99,22.33,10.68,6.38,0.7,0.07,17.81,3.18,0.35
Oy292,Oyo,8.617282,3.570988,1,84.25,7.03,8.72,6.6,0.45,0.04,18.71,2.91,0.19
Oy293,Oyo,8.611015,3.481378,1,75.1,13.78,11.12,6.57,1.01,0.1,33.79,4.48,0.49
Oy294,Oyo,8.580693,3.48589,1,80.18,9.9,9.92,6.63,0.44,0.04,20.14,2.9,0.21
Oy295,Oyo,8.633614,3.415432,1,79.55,10.55,9.89,6.7,0.56,0.06,21.57,3.44,0.24
Oy296,Oyo,8.599236,3.433671,1,75.75,12,12.25,6.71,0.71,0.07,24.51,3.67,0.29
Oy297,Oyo,8.656143,3.395162,1,77.4,12.18,10.42,6.55,1,0.09,28.1,4.23,0.46
Oy298,Oyo,8.73034,3.352016,1,77.52,11.91,10.57,6.69,0.69,0.07,26.44,3.63,0.31
Oy299,Oyo,8.742261,3.259384,1,76.61,10.08,13.31,6.77,0.6,0.06,24.43,3.39,0.27
Oy300,Oyo,8.648626,3.208061,1,77.37,9.98,12.65,6.76,0.48,0.04,22.83,3.17,0.22
Oy301,Oyo,8.735619,3.425802,1,75.63,12.01,12.36,6.75,0.79,0.07,28.97,3.83,0.31
Oy302,Oyo,8.705641,3.525751,1,81.23,10.42,8.34,6.64,0.67,0.06,23.36,3.6,0.26
Oy303,Oyo,8.692023,3.524809,1,77.97,10.47,11.57,6.71,0.56,0.05,25.51,3.24,0.24
Oy304,Oyo,8.732042,3.423029,1,75.22,12.22,12.56,6.7,0.87,0.08,31.47,3.9,0.37
Oy305,Oyo,8.660103,3.46312,1,80.62,9.11,10.27,6.8,0.46,0.05,20.64,2.83,0.22
Oy306,Oyo,8.658493,3.465563,1,79.21,9.61,11.18,6.79,0.5,0.05,21.4,2.96,0.23
Oy307,Oyo,8.612165,3.366082,1,80.76,9.01,10.23,6.75,0.25,0.03,19.06,2.48,0.18
Oy308,Oyo,8.613946,3.363782,1,70.7,14.19,15.11,6.59,0.93,0.08,33.42,4.25,0.46
Oy309,Oyo,8.638771,3.282773,1,73.53,14.43,12.04,6.56,0.8,0.09,25.56,3.24,0.38
Oy310,Oyo,8.123443,4.319072,1,72.9,9.52,17.58,6.83,0.24,0.03,18.79,2.5,0.14
Oy311,Oyo,8.149683,4.428739,1,80.08,7.71,12.21,6.92,0.16,0.02,16.81,2,0.13
Oy312,Oyo,8.161768,4.401234,1,79.2,9.26,11.54,6.71,0.58,0.06,24.02,3.09,0.3
Oy313,Oyo,8.188243,4.407129,1,79.79,7.67,12.53,6.78,0.61,0.06,23.53,3.03,0.3
Oy314,Oyo,8.159685,4.41647,1,77.7,9.91,12.4,6.77,0.67,0.06,22.95,3.16,0.29
Oy315,Oyo,8.22557,4.381365,1,72.61,10.96,16.42,6.77,0.71,0.07,24.32,3.5,0.29
Oy316,Oyo,8.131846,4.38036,1,67.76,13.83,18.41,6.64,0.85,0.07,30.8,4,0.41
Oy317,Oyo,8.108145,4.396958,1,77.12,9.63,13.25,6.78,0.55,0.05,22.55,2.96,0.27
Oy318,Oyo,8.06823,4.422187,1,79.14,7.82,13.04,6.85,0.32,0.03,20.28,2.47,0.21
Oy319,Oyo,8.064395,4.460894,1,83.47,6.55,9.99,6.84,0.6,0.06,20.64,2.41,0.23
Oy320,Oyo,8.079942,4.356328,1,75.05,9.73,15.23,6.82,0.69,0.06,23.81,3.18,0.29
Oy321,Oyo,7.993731,4.347005,1,74.69,11.19,14.13,6.82,0.72,0.07,26.49,3.6,0.34
Oy322,Oyo,7.953208,4.391477,1,71.96,13.94,14.11,6.59,1.15,0.11,34.91,4.95,0.57
Og65,Ogun,6.410917,4.541806,1,92.6,4.2,3.2,5.48,0.673,0.121,14.46,NaN,0.21
Og66,Ogun,6.450306,4.422639,1,94.8,3.4,1.8,5.74,1.195,0.156,5.032,NaN,0.192
Og67,Ogun,6.429462,4.467689,1,92.8,3.4,3.8,4.43,0.563,0.082,2.98,NaN,0.198
Og68,Ogun,6.44717,4.54552,1,84.6,6.2,9.2,4.62,1.93,0.149,7.963,NaN,0.24
Og69,Ogun,6.493133,2.818112,1,87.2,4.2,8.6,6.16,1.116,0.087,4.432,NaN,0.054
Og70,Ogun,6.515901,2.741563,1,69.8,16,14.2,5.97,0.92,0.117,3.429,NaN,0.36
Og71,Ogun,6.523494,3.112447,1,83.2,4.2,12.6,4.99,0.864,0.108,5.422,NaN,0.06
Og72,Ogun,6.511846,4.216487,1,82.6,6.2,11.2,7.21,2.116,0.176,44.502,NaN,0.24
Og73,Ogun,6.515776,4.367481,1,86.6,4.2,9.2,7.24,1.848,0.237,30.189,NaN,0.21
Og74,Ogun,6.514161,4.451576,1,80.6,6.2,13.2,6.63,0.969,0.137,8.305,NaN,0.144
Og75,Ogun,6.498911,2.871965,1,67.2,6.2,26.6,5.39,1.415,0.112,8.237,NaN,0.102
Og76,Ogun,6.545804,4.511465,1,74.6,8.2,17.2,6.06,1.759,0.211,12.994,NaN,0.216
Og77,Ogun,6.51274,2.978574,1,81.2,4.2,14.6,5.27,1.149,0.089,7.455,NaN,0.054
Og78,Ogun,6.518686,3.02146,1,89.2,4.2,6.6,6.04,0.558,0.042,4.484,NaN,0.066
Og79,Ogun,6.596909,2.877014,1,90.8,4.2,5,6.27,0.796,0.092,4.275,NaN,0.084
Og80,Ogun,6.591558,3.106375,1,86.8,4.2,9,6.48,1.245,0.144,4.379,NaN,0.078
Og81,Ogun,6.614108,4.121714,1,92.6,4.2,3.2,6.47,1.663,0.196,41.278,NaN,0.15
Og82,Ogun,6.594231,4.216487,1,86.6,4.2,9.2,6.86,2.83,0.188,21.885,NaN,0.192
Og83,Ogun,6.594231,4.383955,1,84.6,8.2,7.2,6.47,0.495,0.074,24.181,NaN,0.192
Og84,Ogun,6.598124,2.962302,1,78.8,6.2,15,6.19,0.803,0.103,11.522,NaN,0.066
Og85,Ogun,6.572889,2.781639,1,84.8,4.2,11,6.38,0.606,0.075,5.318,NaN,0.054
Og86,Ogun,6.667896,2.81665,1,90.8,4.2,5,6.48,0.809,0.068,6.099,NaN,0.054
Og87,Ogun,6.67537,2.903308,1,82.4,4.2,13.4,7.25,0.659,0.071,4.066,NaN,0.06
Og88,Ogun,6.717484,3.013014,1,80.4,6.2,13.4,7.42,0.959,0.127,5.318,NaN,0.078
Og89,Ogun,6.686826,4.122671,1,56.6,22.2,21.2,6.16,1.979,0.159,14.02,NaN,0.252
Og90,Ogun,6.680876,4.222453,1,88.6,4.2,7.2,6.45,1.443,0.116,8.94,NaN,0.198
Og91,Ogun,6.705444,4.392333,1,76.6,10.2,13.2,5.68,1.573,0.175,6.351,NaN,0.246
Og92,Ogun,6.739672,3.982145,1,66.6,22.2,11.2,6.79,1.319,0.161,8.598,NaN,0.306
Og93,Ogun,6.758972,2.795573,1,86.4,4.2,9.4,7.29,2.286,0.174,5.631,NaN,0.168
Og94,Ogun,6.73425,2.875964,1,88.4,4.2,7.4,7.41,1.463,0.163,6.882,NaN,0.078
Og95,Ogun,6.75586,3.040631,1,76.4,10.2,13.4,6.94,1.538,0.129,4.953,NaN,0.06
Og96,Ogun,6.772563,3.471269,1,80.4,4.2,15.4,6.85,0.766,0.094,13.555,NaN,0.15
Og97,Ogun,6.747471,3.599706,1,90.4,4.2,5.4,7.1,1.413,0.099,7.507,NaN,0.108
Og98,Ogun,6.757912,3.629292,1,66.4,14.2,19.4,6.84,0.785,0.067,4.953,NaN,0.096
Og99,Ogun,6.785741,3.72994,1,76.4,4.2,19.4,6.92,0.573,0.041,8.654,NaN,0.54
Og100,Ogun,6.7526,3.79984,1,82.4,4.8,12.8,5.69,0.504,0.035,5.786,NaN,0.096
Og101,Ogun,6.761592,4.044954,1,62.6,24.2,13.2,6.75,1.395,0.094,24.718,NaN,0.282
Og102,Ogun,6.758092,4.220223,1,88.6,4.2,7.2,7.14,1.243,0.145,5.52,NaN,0.216
Og103,Ogun,6.73948,4.398758,1,74.6,4.2,21.2,6.75,1.127,0.097,10.161,NaN,0.234
Og104,Ogun,6.765248,4.141473,1,76.6,6.2,17.2,6.84,1.738,0.161,17.342,NaN,0.24
Og105,Ogun,6.821469,4.131358,1,68.6,12.2,19.2,6.35,2.157,0.178,12.896,NaN,0.348
Og106,Ogun,6.832757,4.233485,1,80.6,4.2,15.2,6.23,3.16,0.233,6.644,NaN,0.276
Og107,Ogun,6.839798,3.712007,1,76.4,12.8,10.8,6.13,0.759,0.082,5.767,NaN,0.048
Og108,Ogun,6.845192,2.790723,1,86.4,4.8,8.8,7.12,0.834,0.088,11.973,NaN,0.048
Og109,Ogun,6.843684,2.879635,1,86.4,6.8,6.8,6.04,0.641,0.053,3.076,NaN,0.042
Og110,Ogun,6.841889,3.304559,1,51.432,20.712,27.856,6.2,0.837,0.081,11.53,NaN,0.2846242
Og111,Ogun,6.840861,3.38108,1,71.432,12.712,15.856,7.2,0.638,0.075,13.25,NaN,0.6156874
Og112,Ogun,6.841636,3.795041,1,80.4,4.8,14.8,6.58,0.809,0.102,7.469,NaN,0.12
Og113,Ogun,6.845186,4.3825,1,70.6,4.2,25.2,6.49,2.329,0.208,3.713,NaN,0.198
Og114,Ogun,6.844179,4.47623,1,74.6,14.2,11.2,5.96,1.079,0.076,6.253,NaN,0.216
Og115,Ogun,6.853509,3.013649,1,92.4,4.8,2.8,7.08,0.473,0.055,3.184,NaN,0.054
Og116,Ogun,6.850683,3.97821,1,62.6,24.2,13.2,6.44,1.498,0.122,13.385,NaN,0.24
Og117,Ogun,6.856586,4.054142,1,62.6,28.2,9.2,6.77,1.876,0.203,6.399,NaN,0.228
Og118,Ogun,6.853936,3.116261,1,80.4,4.8,14.8,6.49,0.492,0.029,5.217,NaN,0.066
Og119,Ogun,6.864813,3.485286,1,75.432,16.712,7.856,6.2,1.396,0.109,10.56,NaN,0.1037656
Og120,Ogun,6.875748,3.614527,1,85.8,4.8,9.4,6.38,0.623,0.044,10.325,NaN,0.066
Og121,Ogun,6.902939,3.803564,1,87.8,4.8,7.4,6.38,0.872,0.117,2.471,NaN,0.06
Og122,Ogun,6.917916,3.597223,1,83.8,6.8,9.4,6.27,0.467,0.034,2.636,NaN,0.066
Og123,Ogun,6.917434,2.771017,1,85.8,4.8,9.4,6.55,0.635,0.077,2.526,NaN,0.084
Og124,Ogun,6.920658,2.882273,1,89.8,4.8,5.4,6.95,2.042,0.181,7.029,NaN,0.078
Og125,Ogun,6.926807,3.043155,1,81.8,4.8,13.4,6.55,0.635,0.084,6.645,NaN,0.042
Og126,Ogun,6.904858,3.116253,1,87.8,4.8,7.4,7.66,1.233,0.107,17.904,NaN,0.072
Og127,Ogun,6.921803,3.293273,1,69.432,18.712,11.856,6.5,0.718,0.047,8.8,NaN,0.7727024
Og128,Ogun,6.924017,3.377002,1,75.432,18.712,5.856,6.7,0.678,0.066,8.97,NaN,0.3343502
Og129,Ogun,6.918912,3.47733,1,79.432,12.712,7.856,6.5,0.798,0.079,11.09,NaN,0.2049238
Og130,Ogun,6.928924,3.55163,1,71.36,18.712,9.928,6.6,1.157,0.129,11.13,NaN,0.2110546
Og131,Ogun,6.928444,3.730858,1,91.8,4.8,3.4,7.72,1.096,0.088,5.931,NaN,0.072
Og132,Ogun,6.971469,3.139931,1,89.8,4.8,5.4,7.54,0.897,0.067,6.261,NaN,0.048
Og133,Ogun,6.998225,3.643108,1,81.36,12.712,5.928,6.5,1.236,0.216,8.4,NaN,0.6991328
Og134,Ogun,6.974148,3.037875,1,91.8,4.8,3.4,6.73,1.694,0.137,7.139,NaN,0.048
Og135,Ogun,7.009819,3.989418,1,77.8,4.8,17.4,6.93,0.809,0.066,2.471,NaN,0.126
Og136,Ogun,6.993737,3.791109,1,91.8,4.8,3.4,7.25,1.17,0.095,14.169,NaN,0.078
Og137,Ogun,7.006992,2.792314,1,91.8,4.8,3.4,7.23,1.288,0.101,9.062,NaN,0.15
Og138,Ogun,7.000168,2.926765,1,81.8,4.8,13.4,7.15,1.687,0.136,17.355,NaN,0.066
Og139,Ogun,7.002302,3.219855,1,75.216,21.432,3.352,6.9,1.436,0.088,5.23,NaN,0.095249
Og140,Ogun,7.000779,3.280173,1,79.216,13.432,7.352,7,0.798,0.144,10.43,NaN,0.076177
Og141,Ogun,7.006934,3.3622,1,67.216,15.632,17.152,5.5,2.114,0.191,9.59,NaN,0.9198416
Og142,Ogun,7.008871,3.475604,1,77.216,13.432,9.352,6.4,2.713,0.231,9.1,NaN,0.8278796
Og143,Ogun,7.002816,3.551402,1,83.216,11.432,5.352,7,0.478,0.239,12.06,NaN,0.3888478
Og144,Ogun,7.00833,3.713384,1,81.8,4.8,13.4,6.05,1.818,0.155,11.314,NaN,0.156
Og145,Ogun,7.013641,4.048849,1,93.8,4.8,1.4,6.44,1.407,0.129,12.522,NaN,0.132
Og146,Ogun,7.004145,4.110785,1,85.8,4.8,9.4,6.67,1.867,0.159,28.394,NaN,0.114
Og147,Ogun,7.052583,4.187917,1,91.8,4.8,3.4,7.25,1.369,0.116,17.794,NaN,0.102
Og148,Ogun,7.052583,4.187917,1,85.8,4.8,9.4,6.64,0.679,0.084,26.087,NaN,0.06
Og149,Ogun,7.081812,3.265199,1,93.8,4.8,1.4,6.56,0.971,0.107,13.455,NaN,0.084
Og150,Ogun,7.083077,3.616162,1,64.216,26.224,9.56,6.2,2.074,0.256,11.66,NaN,0.3152782
Og151,Ogun,7.091221,3.695973,1,85.216,12.296,2.488,6.4,1.835,0.298,12.41,NaN,0.4532212
Og152,Ogun,7.099042,3.009918,1,91.8,4.8,3.4,5.65,0.809,0.11,6.364,NaN,0.078
Og153,Ogun,7.088538,3.211681,1,94.4,4.8,0.8,6.44,1.189,0.122,1.481,NaN,0.072
Og154,Ogun,7.088538,3.965286,1,86.8,3.2,10,7,1.656,0.147,2.634,NaN,0.066
Og155,Ogun,7.088538,3.379149,1,85.216,14.296,0.488,7.1,0.718,0.299,11.09,NaN,0.4532212
Og156,Ogun,7.09902,3.125114,1,82.8,3.2,14,7.12,1.096,0.088,5.267,NaN,0.186
Og157,Ogun,7.092924,3.459064,1,74.288,14.152,11.56,7.6,1.476,0.127,13.91,NaN,0.7383034
Og158,Ogun,7.16465,2.804212,1,86.8,3.2,10,5.76,1.531,0.125,2.688,NaN,0.078
Og159,Ogun,7.1674,3.110275,1,64.8,13.2,22,6.07,0.878,0.106,1.152,NaN,0.096
Og160,Ogun,7.171207,2.87697,1,66.8,23.2,10,6.33,0.828,0.086,3.127,NaN,0.096
Og161,Ogun,7.170752,3.034443,1,56.8,27.2,16,6.44,0.61,0.051,5.048,NaN,0.09
Og162,Ogun,7.174042,3.456751,1,78.216,14.224,7.56,7.7,1.037,0.084,11.84,NaN,0.3459322
Og163,Ogun,7.173081,3.255825,1,66.8,25.2,8,6.48,0.959,0.063,2.085,NaN,0.09
Og164,Ogun,7.170658,3.203661,1,84.8,3.2,12,6.64,0.822,0.066,0.933,NaN,0.126
Og165,Ogun,7.214645,2.820786,1,82.8,7.2,10,6.8,1.946,0.163,2.853,NaN,0.126
Og166,Ogun,7.253307,3.127947,1,62.8,9.2,28,7.01,0.875,0.101,2.085,NaN,0.066
Og167,Ogun,7.253307,3.211681,1,84.8,5.2,10,7.8,2.721,0.198,20.136,NaN,0.12
Og168,Ogun,7.250825,3.297033,1,86.4,3.6,10,7.35,2.478,0.213,3.127,NaN,0.108
Og169,Ogun,7.254673,3.382129,1,81.288,12.512,6.2,7.3,0.598,0.149,11.62,NaN,0.3030166
Og170,Ogun,7.231219,3.45132,1,81.288,12.512,6.2,7,1.436,0.108,13.21,NaN,0.6003604
Og171,Ogun,7.253135,3.631285,1,75.144,14.296,10.56,7.2,0.758,0.179,12.41,NaN,0.4532212
Og172,Ogun,7.250518,3.716975,1,85.288,12.296,2.416,7.5,0.798,0.047,11.84,NaN,0.3398014
Og173,Ogun,7.253886,2.793293,1,82.4,3.6,14,7.02,2.997,0.157,5.871,NaN,0.084
Og174,Ogun,7.261905,3.056718,1,66.4,15.6,18,7.21,0.855,0.115,2.634,NaN,0.048
Og175,Ogun,7.332684,2.791554,1,82.4,5.6,12,7.02,1.185,0.132,5.157,NaN,0.042
Og176,Ogun,7.336282,2.880352,1,74.4,7.6,18,6.58,2.168,0.241,7.626,NaN,0.114
Og177,Ogun,7.330437,3.04865,1,86.4,3.6,10,6.91,0.842,0.068,8.12,NaN,0.15
Og178,Ogun,7.329111,3.129623,1,92.4,3.6,4,6.76,2.35,0.183,14.319,NaN,0.078
Og179,Ogun,7.342662,3.224554,1,86.4,3.6,10,6.53,0.754,0.096,9.163,NaN,0.138
Og180,Ogun,7.253135,3.631285,1,85.216,13.864,0.92,7.8,0.638,0.168,11.18,NaN,0.2171854
Og181,Ogun,7.250518,3.716975,1,85.288,12.728,1.984,7.4,0.798,0.077,12.85,NaN,0.535987
Og182,Ogun,7.335691,3.379149,1,79.216,14.368,6.416,7,0.798,0.076,10.03,NaN,0.0026074
Og183,Ogun,7.330511,3.463236,1,75.288,16.512,8.2,7.3,0.917,0.187,13.03,NaN,0.5727718
Og184,Ogun,7.412258,2.869323,1,92.4,3.6,4,6.3,2.747,0.177,7.791,NaN,0.168
Og185,Ogun,7.417316,2.792346,1,86.4,3.6,10,6.66,0.694,0.054,12.07,NaN,0.21
Og186,Ogun,7.403356,3.056262,1,92.4,3.2,4.4,6.26,0.613,0.048,8.175,NaN,0.192
Og187,Ogun,7.420536,3.453924,1,65.144,12.296,22.56,7,2.972,0.158,11.18,NaN,0.2171854
Og188,Ogun,7.420513,3.633862,1,73.576,13.216,13.208,6.6,0.798,0.278,11.49,NaN,0.2784934
Og189,Ogun,7.476645,3.038557,1,82.4,7.2,10.4,5.7,1.582,0.116,7.297,NaN,0.156
Og190,Ogun,7.485979,2.802052,1,84.4,3.2,12.4,6.56,2.047,0.231,5.028,NaN,0.21
Og191,Ogun,7.497582,2.886583,1,86.4,3.2,10.4,6.04,1.084,0.128,2.881,NaN,0.078
Og192,Ogun,7.547944,2.96718,1,76.4,13.2,10.4,6.16,0.619,0.049,3.422,NaN,0.168
Og193,Ogun,7.582965,2.788768,1,76.4,3.2,20.4,6.45,1.104,0.084,2.834,NaN,0.144
Og194,Ogun,7.582619,2.879313,1,86.4,3.2,10.4,6.83,1.407,0.097,4.919,NaN,0.132
Og195,Ogun,7.659229,2.801169,1,90.4,3.2,6.4,6.81,0.899,0.118,3.315,NaN,0.15
Og196,Ogun,7.665229,2.876745,1,86.4,3.2,10.4,6.32,1.883,0.214,3.101,NaN,0.144
Og197,Ogun,7.744485,2.793789,1,90.4,3.2,6.4,6.74,3.079,0.238,0.802,NaN,0.252
Og198,Ogun,7.747554,2.880802,1,86.8,2.8,10.4,6.81,1.004,0.136,15.823,NaN,0.108
Og199,Ogun,7.34929,2.84535,1,74.4,22,3.6,6.75,0.795,0.096,10.369,NaN,0.09
Og200,Ogun,7.829507,2.792579,1,84.8,4.8,10.4,6.61,0.542,0.066,5.774,NaN,0.114
Og201,Ogun,7.891521,2.865711,1,80.8,4.8,14.4,6.92,0.694,0.077,7.699,NaN,0.138
Os15,Osun,7.66102,4.87628,1,66.8,20,13.2,6.58,1.293,0.172,6.044,NaN,0.115
Os336,Osun,7.09096,4.32508,1,68.8,25,6.2,6.74,1.845,0.155,7.453,NaN,0.072
Os337,Osun,7.08549,4.33122,1,90.8,6,3.2,6.41,1.522,0.128,2.466,NaN,0.08
Os338,Osun,7.09162,4.22087,1,86.4,10,3.6,6.54,2.834,0.361,5.173,NaN,0.205
Os339,Osun,7.07596,4.38599,1,69.4,26,4.6,6.65,2.815,0.166,4.642,NaN,0.3
Os340,Osun,7.12348,4.32984,1,70.4,24,5.6,5.82,1.129,0.198,4.642,NaN,0.075
Os341,Osun,7.16899,4.36246,1,78.4,18.4,3.2,6.11,2.244,0.199,29.348,NaN,0.31
Os342,Osun,7.17604,4.15434,1,84.8,12,3.2,6.85,1.896,0.146,4.642,NaN,0.49
Os343,Osun,7.17414,4.24493,1,86.4,10.4,3.2,5.46,0.742,0.092,10.54,NaN,0.475
Os344,Osun,7.17442,4.45792,1,86.4,10,3.6,6.9,3.265,0.468,3.046,NaN,0.1
Os345,Osun,7.17443,4.62605,1,84.4,12.4,3.2,5.51,0.729,0.591,6.382,NaN,0.11
Os346,Osun,7.25334,4.62671,1,72.4,17,10.6,6.51,2.358,0.188,3.723,NaN,0.145
Os347,Osun,7.24751,4.13741,1,94.4,2,3.6,6.49,2.929,0.241,10.589,NaN,0.34
Os348,Osun,7.24673,4.3858,1,68.4,22,9.6,6.11,1.071,0.133,14.11,NaN,0.265
Os349,Osun,7.24349,4.47296,1,78.8,18,3.2,6.51,1.839,0.211,25.577,NaN,0.14
Os350,Osun,7.24783,4.20248,1,73.6,22.2,4.2,6.32,1.528,0.137,4.642,NaN,0.175
Os351,Osun,7.33248,4.22013,1,84,12.8,3.2,6.34,0.577,0.081,5.754,NaN,0.14
Os352,Osun,7.34061,4.37314,1,82.8,12.6,4.6,6.58,0.718,0.084,10.24,NaN,0.146
Os353,Osun,7.34667,4.49462,1,80.4,14.4,5.2,5.58,1.407,0.125,16.004,NaN,0.4
Os354,Osun,7.3371,4.63487,1,68.4,24.4,7.2,5.87,1.839,0.159,12.426,NaN,0.13
Os355,Osun,7.33453,4.71697,1,84.4,12.4,3.2,6.11,2.618,0.189,8.171,NaN,0.23
Os356,Osun,7.41942,4.37317,1,90.4,6,3.6,6.97,0.501,0.062,4.013,NaN,0.065
Os357,Osun,7.43249,4.46476,1,88.4,8.4,3.2,6.54,1.585,0.087,9.96,NaN,0.165
Os358,Osun,7.43249,4.46476,1,88.4,8.4,3.2,6.77,0.678,0.055,9.38,NaN,0.135
Os359,Osun,7.42276,4.63638,1,68.2,11.4,20.4,6.6,2.035,0.166,4.642,NaN,0.215
Os360,Osun,7.42276,4.63638,1,66.4,10,23.6,5.23,0.659,0.086,5.899,NaN,0.13
Os361,Osun,7.4236,4.7328,1,74.4,13,12.6,5.56,2.244,0.251,4.642,NaN,0.16
Os362,Osun,7.42165,4.80682,1,85.2,10.6,4.2,6.31,1.553,0.122,5.754,NaN,0.19
Os363,Osun,7.42039,4.88326,1,64.8,22,13.2,6.94,1.033,0.087,2.176,NaN,0.135
Os364,Osun,7.49708,4.20445,1,75.4,20.4,4.2,6.54,1.129,0.091,11.024,NaN,0.23
Os365,Osun,7.50335,4.36755,1,70.8,23,6.2,6.03,1.763,0.191,4.642,NaN,0.25
Os366,Osun,7.49961,4.46885,1,72.4,24,3.6,6.93,1.458,0.124,5.028,NaN,0.275
Os367,Osun,7.55575,4.7285,1,56.4,20,23.6,5.77,1.401,0.118,12.378,NaN,0.15
Os368,Osun,7.59047,4.64348,1,74.4,21.4,4.2,6.42,2.365,0.159,2.756,NaN,0.17
Os369,Osun,7.55524,4.51664,1,88.4,8,3.6,5.39,1.458,0.152,4.642,NaN,0.205
Os370,Osun,7.5735,4.20051,1,78.8,18,3.2,6.86,1.192,0.085,14.747,NaN,0.19
Os371,Osun,7.5694,4.38263,1,86.4,10,3.6,6.26,1.826,0.138,6.189,NaN,0.24
Os372,Osun,7.57984,4.89165,1,66.8,22,11.2,6.02,2.32,0.176,4.545,NaN,0.16
Os373,Osun,7.54352,4.8196,1,74.4,22,3.6,6.39,2.105,0.194,5.173,NaN,0.48
Os374,Osun,7.65949,4.13076,1,81.8,13,5.2,6.82,1.125,0.099,4.51,NaN,0.128
Os375,Osun,7.66435,4.2506,1,92.4,4.4,3.2,6.8,0.786,0.092,4.738,NaN,0.135
Os376,Osun,7.68787,4.64254,1,62.8,18,19.2,7.24,1.198,0.141,3.53,NaN,0.385
Os377,Osun,7.68326,4.29797,1,92.8,4,3.2,7.23,2.194,0.157,5.947,NaN,0.175
Os378,Osun,7.66005,4.40041,1,88.8,8,3.2,6.06,1.211,0.102,4.352,NaN,0.07
Os379,Osun,7.66047,4.81596,1,66.4,29.4,4.2,5.56,1.135,0.087,6.286,NaN,0.095
Os380,Osun,7.66889,4.72024,1,73.2,21.2,5.6,7.12,2.01,0.238,19.195,NaN,0.11
Os381,Osun,7.66889,4.72024,1,82.4,14.4,3.2,6.16,1.255,0.114,15.182,NaN,0.3
Os382,Osun,7.72514,4.62666,1,86.4,10.4,3.2,5.97,1.122,0.14,8.123,NaN,0.16
Os383,Osun,7.74038,4.22482,1,72.8,24,3.2,6.3,2.726,0.217,4.883,NaN,0.09
Os384,Osun,7.74921,4.13833,1,76.8,20,3.2,6.41,0.754,0.086,5.512,NaN,0.125
Os385,Osun,7.74198,4.47188,1,67.8,24,8.2,5.76,1.598,0.135,4.642,NaN,0.06
Os386,Osun,7.74991,4.32242,1,84.4,9.4,6.2,5.17,0.97,0.124,4.642,NaN,0.12
Os387,Osun,7.75669,4.39223,1,80.8,16,3.2,7,1.148,0.095,12.764,NaN,0.225
Os388,Osun,7.80272,4.60424,1,82.4,14.4,3.2,5.89,1.604,0.141,5.609,NaN,0.135
Os389,Osun,7.81304,4.73521,1,66.4,29.4,4.2,5.84,0.748,0.087,6.769,NaN,0.09
Os390,Osun,7.8331,4.37751,1,76.8,16,7.2,6.42,1.084,0.078,1.741,NaN,0.18
Os391,Osun,7.8279,4.46535,1,74.8,20,5.2,5.85,0.742,0.061,2.321,NaN,0.115
Os392,Osun,7.82028,4.79927,1,62.8,14,23.2,6.64,1.401,0.085,5.512,NaN,0.22
Os393,Osun,7.83078,4.88107,1,76.4,19.4,4.2,6.38,1.331,0.11,6.672,NaN,0.33
Os394,Osun,7.83068,4.14299,1,76.8,18,5.2,7.35,1.572,0.129,3.288,NaN,0.16
Os395,Osun,7.83645,4.28619,1,89.4,5,5.6,6.62,1.249,0.118,4.642,NaN,0.22
Os396,Osun,7.83816,4.21077,1,88.4,6,5.6,6.37,1.68,0.128,4.642,NaN,0.085
Os397,Osun,7.89917,4.74256,1,85.8,11,3.2,6.96,0.659,0.047,4.4,NaN,0.265
Os398,Osun,7.89536,4.87258,1,76.4,20,3.6,7.13,1.858,0.146,13.586,NaN,0.265
Os399,Osun,7.87069,4.62419,1,72.4,12,15.6,6.65,3.259,0.233,4.642,NaN,0.15
Os400,Osun,7.91012,4.21666,1,78.4,18.4,3.2,6.49,1.775,0.155,26.544,NaN,0.23
Os401,Osun,7.9177,4.81504,1,81.2,15.2,3.6,7.19,1.407,0.128,17.696,NaN,0.25
Os402,Osun,7.92767,4.27966,1,78.8,18,3.2,6.44,0.983,0.112,13.441,NaN,0.15
Os403,Osun,7.99794,4.6342,1,94.4,2,3.6,6.53,1.268,0.097,35.222,NaN,0.11
Os404,Osun,8.07699,4.88828,1,87.2,8.6,4.2,6.49,0.577,0.029,6.237,NaN,0.105
LA44,Lagos,6.426799,2.725799,1,92.4,4,3.6,5.13,0.843,0.121,10.787,2.55,0.12
LA45,Lagos,6.426036,2.801748,1,90.4,6,3.6,5,0.622,0.081,3.132,2.79,0.1
LA46,Lagos,6.416836,3.032998,1,92.4,4,3.6,6.87,0.518,0.072,9.594,4.05,0.12
LA47,Lagos,6.430917,2.870194,1,90.4,4,5.6,5.82,0.57,0.077,7.755,2.53,0.06
LA48,Lagos,6.454361,3.221361,1,91.4,3,5.6,6.74,0.939,0.137,51.945,3.64,0.72
LA49,Lagos,6.56475,3.328083,1,80.4,15,4.6,7.69,1.445,0.119,4.374,7.1,0.1
LA50,Lagos,6.461711,3.689499,1,88.4,8,3.6,6.55,0.596,0.084,4.722,2.99,0.04
LA51,Lagos,6.537028,3.901639,1,90.8,5,4.2,5.75,0.939,0.088,6.164,2.78,0.08
LA52,Lagos,6.47671,3.950469,1,89.4,5,5.6,5.85,1.049,0.141,7.208,7.91,0.1
LA53,Lagos,6.576752,3.628666,1,70.4,16,13.6,6.4,1.088,0.138,8.947,3.01,0.26
LA54,Lagos,6.52416,3.883666,1,92.4,4,3.6,6.34,0.641,0.095,7.705,3.05,0.06
LA55,Lagos,6.39433,3.48345,1,56.4,20,23.6,5.48,0.816,0.105,2.734,3.1,0.16
LA56,Lagos,6.474059,3.840744,1,90.4,6,3.6,6.01,1.076,0.096,9.295,2.37,0.08
LA57,Lagos,6.636046,3.539596,1,76.4,18,5.6,6.96,1.393,0.172,13.123,5.09,0.18
LA58,Lagos,6.594065,3.995891,1,74.4,12,13.6,7.23,0.849,0.109,6.512,4.71,0.08
LA59,Lagos,6.623022,3.975391,1,56.4,20,23.6,6.18,1.458,0.166,33.255,4.82,0.14
LA60,Lagos,6.682034,3.712146,1,82.4,14,3.6,5.56,1.497,0.127,3.778,3.28,0.06
LA61,Lagos,6.662297,3.793772,1,66.4,10,23.6,5.51,1.101,0.089,11.234,3.03,0.12
LA62,Lagos,6.676666,3.865858,1,70.4,16,13.6,5.66,2.967,0.325,5.07,5.57,0.42
LA63,Lagos,6.679754,3.986498,1,65.8,20,14.2,5.25,2.649,0.284,8.401,3.38,0.12
LA64,Lagos,6.669777,4.064443,1,85.8,10,4.2,5.49,1.192,0.139,8.798,3.47,0.1
